WRS SAMPLE ID,SITE ID,VISIT NO,NTL,PTL,Chla
1210024,NLA2012-AL-101,1,505,30,18
1210486,NLA2012-AL-101,2,376.25,25,17.52
1210446,NLA2012-AL-102,1,388.75,12,10
1210474,NLA2012-AL-103,1,448.75,56,32
1210507,NLA2012-AL-104,1,343.75,37,8.945454545
1210025,NLA2012-AL-105,1,1850,106,144.8
1210527,NLA2012-AL-105,2,1077.5,58,35.760
1210484,NLA2012-AL-112,1,378.75,33,9.386666667
1210694,NLA2012-AL-113,1,247.5,27,1.27
1210570,NLA2012-AL-114,1,510,62,17.5
1210454,NLA2012-AL-R03,1,126.25,31,5.968
1210485,NLA2012-AL-R05,1,326.25,24,6.088
1210511,NLA2012-AR-101,1,920,88,52.4
1210790,NLA2012-AR-101,2,791.25,80,26.76
1210837,NLA2012-AR-102,1,1536.25,151,74
1210874,NLA2012-AR-103,1,311.25,15,4.944
1210718,NLA2012-AR-104,1,175,30,6.624
1210517,NLA2012-AR-105,1,476.25,34,6.496
1210791,NLA2012-AR-105,2,598.75,39,12.42666667
1210826,NLA2012-AR-106,1,1385,107,59.2
1210689,NLA2012-AR-109,1,656.25,39,10.32
1210838,NLA2012-AR-111,1,743.75,121,23.89333333
1210001,NLA2012-AZ-101,1,321.25,40,3.228
1210151,NLA2012-AZ-101,2,355,51,6.773333333
1211029,NLA2012-AZ-102,1,2045,631,32.3
1210708,NLA2012-AZ-103,1,1055,259,15.34
1210872,NLA2012-AZ-106,1,571.25,37,5.244
1210561,NLA2012-AZ-107,1,627.5,234,10.42
1210002,NLA2012-AZ-118,1,482.5,38,1.3
1210869,NLA2012-AZ-123,1,4094,392,253.8
1210023,NLA2012-AZ-127,1,553.75,147,13.056
1210004,NLA2012-AZ-130,1,277.5,57,8.586666667
1210863,NLA2012-AZ-130,2,318.75,67,5.8
1210469,NLA2012-AZ-140,1,571.25,38,6.453333333
1210926,NLA2012-AZ-143,1,1201.25,75,13.51111111
1210743,NLA2012-AZ-145,1,1775,244,39.2
1210883,NLA2012-AZ-157,1,3888,882,241.2
1210850,NLA2012-AZ-R01,1,252.5,11,3.3075
1210834,NLA2012-AZ-R02,1,760,79,8.52
1210472,NLA2012-CA-R01,1,173.75,31,0.636
1210510,NLA2012-CA-R02,1,140,40,1.508
1210490,NLA2012-CA-R03,1,121.25,16,5.04
1210453,NLA2012-CA-R05,1,67.5,6,0.592
1210420,NLA2012-CA-R06,1,293.75,33,0.650666667
1210397,NLA2012-CA-R09,1,150,14,0.422
1210445,NLA2012-CA-R10,1,288.75,59,1.944
1210404,NLA2012-CA-R12,1,281.25,10,0.0664
1210399,NLA2012-CA-R13,1,73.75,11,0.493
1210910,NLA2012-CO -105,1,1078.75,114,101.3
1210393,NLA2012-CO-101,1,3058,76,12.667
1210835,NLA2012-CO-101,2,3531,124,64.4
1210244,NLA2012-CO-102,1,135,29,0.92
1210970,NLA2012-CO-103,1,331.25,17,4.768
1210996,NLA2012-CO-104,1,6200,435,218
1210483,NLA2012-CO-106,1,235,15,2.2
1210894,NLA2012-CO-107,1,103.75,16,1.224
1210307,NLA2012-CO-108,1,71.25,25,0.371
1210862,NLA2012-CO-109,1,215,16,5.993
1210037,NLA2012-CO-110,1,823.75,43,15.62
1210964,NLA2012-CO-111,1,140,26,3.513333333
1210236,NLA2012-CO-114,1,345,37,5.8
1210347,NLA2012-CO-115,1,243.75,14,3.04
1210634,NLA2012-CO-117,1,537.5,33,6.102857143
1210464,NLA2012-CO-119,1,397.5,5,1.16
1210636,NLA2012-CO-121,1,255,84,3.946666667
1210202,NLA2012-CO-124,1,1480,110,0.525
1210539,NLA2012-CO-125,1,61.25,11,1.264
1210948,NLA2012-CO-127,1,936.25,712,97.2
1210500,NLA2012-CO-129,1,743.75,45,3.104
1210747,NLA2012-CO-130,1,185,9,5.187692308
1210261,NLA2012-CO-131,1,313.75,48,1.762857143
1210788,NLA2012-CO-131,2,520,47,23.38461538
1210715,NLA2012-CO-133,1,90,14,1.104
1210889,NLA2012-CO-R01,1,116.25,36,1.372
1210691,NLA2012-CO-R04,1,117.5,20,2.293333333
1210928,NLA2012-CO-R07,1,265,120,2.116
1210897,NLA2012-CO-R10,1,666.25,28,5.136
1210179,NLA2012-CT-101,1,216.25,19,3.664
1210899,NLA2012-CT-101,2,483.75,37,9.84
1210266,NLA2012-CT-102,1,176.25,7,1.52
1210696,NLA2012-CT-103,1,205,19,2.324
1210354,NLA2012-CT-104,1,825,48,28.404
1210974,NLA2012-CT-105,1,762.5,69,26.08
1210524,NLA2012-CT-107,1,243.75,18,4.277333333
1210777,NLA2012-CT-108,1,311.25,28,7.84
1210216,NLA2012-CT-115,1,237.5,10,3.432
1210957,NLA2012-CT-115,2,285,14,4.16
1210412,NLA2012-CT-118,1,255,5,2.112
1210617,NLA2012-CT-126,1,277.5,15,2.82
1210669,NLA2012-DE-101,1,1296.25,129,92.8
1211036,NLA2012-DE-101,2,1138.75,135,65.33333333
1210283,NLA2012-DE-102,1,1495,227,78
1210768,NLA2012-DE-103,1,922.5,81,12.72
1210819,NLA2012-DE-104,1,2730,182,45.12
1210219,NLA2012-DE-105,1,6219,16,3.056
1211017,NLA2012-DE-105,2,8063,28,3.528
1210995,NLA2012-DE-107,1,722.5,30,8.48
1210966,NLA2012-DE-121,1,2185,191,15.472
1210011,NLA2012-FL-101,1,1248.75,147,10.36
1210810,NLA2012-FL-101,2,1018.75,107,9.52
1210009,NLA2012-FL-102,1,1511.25,43,23.52
1210710,NLA2012-FL-102,2,1471.25,44,31.84
1210583,NLA2012-FL-103,1,4763,132,80.9
1210015,NLA2012-FL-104,1,820,25,16.32
1210726,NLA2012-FL-105,1,2853,81,88.8
1210016,NLA2012-FL-106,1,518.75,46,3.144
1210012,NLA2012-FL-107,1,546.25,9,2.3776
1210578,NLA2012-FL-108,1,853.75,70,34.48888889
1210727,NLA2012-FL-109,1,1421.25,77,34.64
1210013,NLA2012-FL-110,1,493.75,23,11.22666667
1210733,NLA2012-FL-110,2,445,21,5.6
1210018,NLA2012-FL-114,1,761.25,20,4.184615385
1210005,NLA2012-FL-123,1,260,7,1.952
1210811,NLA2012-FL-123,2,207.5,7,1.684
1210732,NLA2012-FL-126,1,1278.75,50,11.30666667
1210712,NLA2012-FL-130,1,873.75,58,10.9
1210809,NLA2012-FL-132,1,2820,83,34.572
1210785,NLA2012-FL-141,1,321.25,27,17.25714286
1210773,NLA2012-FL-R04,1,1077.5,48,5.155555556
1210579,NLA2012-FL-R06,1,596.25,35,2.125
1210027,NLA2012-GA-101,1,1032.5,112,6.896
1210891,NLA2012-GA-101,2,1702.5,209,76.8
1210465,NLA2012-GA-102,1,425,157,58.4
1210833,NLA2012-GA-103,1,330,37,24.48
1210544,NLA2012-GA-104,1,221.25,15,5.024
1210321,NLA2012-GA-105,1,72.5,19,0.9328
1210137,NLA2012-GA-107,1,1673.75,76,121.2
1210688,NLA2012-GA-111,1,626.25,46,32.52
1210010,NLA2012-GA-112,1,322.5,32,3.568
1210776,NLA2012-GA-112,2,337.5,39,6.624
1210923,NLA2012-GA-114,1,628.75,39,10.608
1210278,NLA2012-GA-118,1,118.75,14,1.35
1210853,NLA2012-GA-127,1,1145,36,21.8
1210540,NLA2012-GA-R01,1,231.25,28,5.645714286
1210793,NLA2012-GA-R11,1,2413.75,81,3.216
1210141,NLA2012-IA-101,1,2233.75,144,79.8
1210439,NLA2012-IA-101,2,2146.25,208,90.667
1210563,NLA2012-IA-102,1,1800,684,88
1210215,NLA2012-IA-103,1,401.25,18,4.12
1210333,NLA2012-IA-104,1,698.75,22,4.8
1210102,NLA2012-IA-105,1,3050,193,91.9
1210221,NLA2012-IA-106,1,1271.25,241,87.7
1210051,NLA2012-IA-107,1,4738,493,104
1210158,NLA2012-IA-109,1,762.5,59,5.268571429
1210259,NLA2012-IA-113,1,696.25,33,15.9
1210120,NLA2012-IA-120,1,957.5,191,6.613333333
1210499,NLA2012-IA-120,2,531.25,151,21.72
1210342,NLA2012-IA-127,1,860,50,14.34666667
1210079,NLA2012-IA-132,1,2401.25,240,91.2
1210366,NLA2012-IA-134,1,1353.75,175,86
1210290,NLA2012-IA-150,1,2033.75,62,72.8
1210311,NLA2012-IA-152,1,1417.5,240,62.4
1210242,NLA2012-IA-R01,1,622.5,46,21.92
1210264,NLA2012-IA-R02,1,2245,208,135.2
1210225,NLA2012-IA-R03,1,480,16,2.176
1210295,NLA2012-ID-101,1,140,56,1.168
1210676,NLA2012-ID-101,2,311.25,63,11.44
1210398,NLA2012-ID-102,1,172.5,29,1.432
1210417,NLA2012-ID-103,1,196.25,35,3.562666667
1210651,NLA2012-ID-104,1,1636.25,147,81.12
1210408,NLA2012-ID-105,1,477.5,29,2.824
1210223,NLA2012-ID-107,1,895,383,3.024
1210396,NLA2012-ID-108,1,95,22,1.152
1210258,NLA2012-ID-109,1,230,41,18.88
1210599,NLA2012-ID-110,1,953.75,44,4.88
1210265,NLA2012-ID-111,1,465,84,12.24
1210386,NLA2012-ID-112,1,256.25,41,2.024
1210750,NLA2012-ID-112,2,310,54,6.16
1210292,NLA2012-ID-113,1,328.75,34,3.73
1210403,NLA2012-ID-121,1,148.75,65,2.34
1210609,NLA2012-ID-122,1,1040,82,45.68
1210293,NLA2012-ID-141,1,125,36,1.264
1210576,NLA2012-ID-142,1,53,15,0.112685714
1210666,NLA2012-ID-143,1,720,68,5.76
1210535,NLA2012-ID-145,1,28.75,23,0.441142857
1210414,NLA2012-ID-148,1,302.5,77,5.546666667
1210423,NLA2012-ID-149,1,1047.5,85,26.72
1210250,NLA2012-ID-151,1,7844,705,764.64
1210577,NLA2012-ID-158,1,32.5,9,0.248171429
1210405,NLA2012-ID-165,1,1536.25,118,4.056
1210603,NLA2012-ID-166,1,665,58,2.456
1210294,NLA2012-ID-168,1,102.5,17,1.296
1210309,NLA2012-ID-175,1,552.5,201,24.480
1210804,NLA2012-ID-180,1,96.25,22,1.156
1210222,NLA2012-ID-194,1,471.25,93,31.36
1210619,NLA2012-ID-198,1,696.25,79,22.56
1210622,NLA2012-ID-203,1,1368.75,175,22.29333333
1210854,NLA2012-ID-205,1,372.5,75,2.144
1210394,NLA2012-ID-207,1,235,43,5.448
1210316,NLA2012-ID-209,1,103.75,41,0.424
1210536,NLA2012-ID-210,1,51.25,9,0.384
1210690,NLA2012-ID-214,1,290,134,8.72
1210574,NLA2012-ID-215,1,37.5,13,0.717714286
1210681,NLA2012-ID-216,1,1760,275,86.56
1210805,NLA2012-ID-218,1,108.75,37,2.04
1210865,NLA2012-ID-220,1,138.75,53,1.130666667
1210783,NLA2012-ID-221,1,785,47,6.08
1210925,NLA2012-IL-103,1,1132.5,68,30.08
1211065,NLA2012-IL-103,2,1170,75,43.84
1210438,NLA2012-IL-104,1,731.25,17,6.16
1211002,NLA2012-IL-105,1,602.5,28,12.37333333
1210459,NLA2012-IL-106,1,1187.5,62,59.36
1210549,NLA2012-IL-109,1,705,45,33.92
1211016,NLA2012-IL-109,2,1018.75,55,39.5
1210240,NLA2012-IL-110,1,520,24,4.533333333
1210971,NLA2012-IL-111,1,986.25,89,59.36
1210756,NLA2012-IL-112,1,1350,69,24.8
1210905,NLA2012-IL-114,1,347.5,13,2.8768
1210765,NLA2012-IL-116,1,1610,64,0.220699301
1210467,NLA2012-IL-118,1,1136.25,91,57.28
1210513,NLA2012-IL-120,1,1197.5,109,48.64
1211050,NLA2012-IL-123,1,4606,384,234.4
1210104,NLA2012-IL-R01,1,261.25,21,2.272
1210121,NLA2012-IL-R03,1,408.75,24,4.976
1210105,NLA2012-IL-R04,1,321.25,18,9.84
1210614,NLA2012-IN-101,1,567.5,20,3.466666667
1210721,NLA2012-IN-101,2,661.25,35,4.76
1210701,NLA2012-IN-102,1,577.5,37,4.272
1210749,NLA2012-IN-103,1,1303.75,65,27.57333333
1210866,NLA2012-IN-104,1,621.25,40,16.24
1210668,NLA2012-IN-105,1,890,40,15.2
1210687,NLA2012-IN-106,1,613.75,29,8.48
1210496,NLA2012-IN-108,1,1051.25,58,17.2
1210661,NLA2012-IN-110,1,630,21,6.186666667
1210612,NLA2012-IN-111,1,1358.75,46,38.4
1210942,NLA2012-IN-112,1,765,59,33.12
1210608,NLA2012-IN-113,1,557.5,16,2.813793103
1210867,NLA2012-IN-115,1,376.25,27,14.13
1210470,NLA2012-IN-116,1,556.25,16,1.944
1210927,NLA2012-IN-117,1,1233.75,9,4.284
1210735,NLA2012-IN-120,1,732.5,44,21.7
1210920,NLA2012-IN-126,1,852.5,84,26.88
1210625,NLA2012-IN-127,1,840,53,32.48
1210542,NLA2012-IN-128,1,616.25,32,4.08
1210798,NLA2012-IN-128,2,581.25,50,5.6
1210627,NLA2012-IN-130,1,427.5,19,5.893333333
1210956,NLA2012-IN-131,1,305,8,0.908
1210656,NLA2012-IN-134,1,1190,38,18.24
1211025,NLA2012-IN-135,1,297.5,31,3.56
1210902,NLA2012-IN-142,1,1523.75,125,12.48
1210682,NLA2012-IN-144,1,836.25,31,7.4
1210739,NLA2012-IN-145,1,1416.25,107,77.76
1210477,NLA2012-IN-146,1,285,24,2.56
1210641,NLA2012-IN-147,1,2256.25,411,72
1210744,NLA2012-IN-149,1,757.5,51,12.88
1211031,NLA2012-IN-155,1,388.75,13,3.253333333
1210713,NLA2012-IN-159,1,1307.5,148,60.912
1210553,NLA2012-IN-160,1,802.5,17,6.056
1210949,NLA2012-IN-162,1,528.75,39,16.32
1210792,NLA2012-IN-163,1,997.5,76,35.6
1210692,NLA2012-IN-164,1,650,18,2.309
1210684,NLA2012-IN-166,1,1280,112,22.72
1210828,NLA2012-IN-171,1,340,33,11.952
1210548,NLA2012-IN-172,1,1116.25,11,2.16
1210823,NLA2012-IN-174,1,467.5,17,3.204
1210753,NLA2012-IN-179,1,6600,962,171
1210825,NLA2012-IN-180,1,617.5,49,13.44
1210950,NLA2012-IN-183,1,1545,416,12.976
1210764,NLA2012-IN-185,1,771.25,64,30
1210807,NLA2012-IN-186,1,483.75,15,2.736
1210752,NLA2012-IN-187,1,285,11,5.04
1210921,NLA2012-IN-191,1,1942.5,147,56.1
1210981,NLA2012-IN-193,1,350,9,5.104
1210992,NLA2012-IN-196,1,592.5,17,4.165714286
1210986,NLA2012-IN-199,1,536.25,31,4.18
1211035,NLA2012-IN-201,1,2590,63,24.48
1211049,NLA2012-IN-202,1,955,50,10.88
1210172,NLA2012-KS-101,1,2002.5,801,6.433333333
1210308,NLA2012-KS-101,2,2698,820,5.333
1210125,NLA2012-KS-102,1,885,53,8.564705882
1210078,NLA2012-KS-103,1,503.75,28,12.59354839
1210138,NLA2012-KS-105,1,1408.75,190,44.4
1210241,NLA2012-KS-106,1,1023.75,95,29.33333333
1210256,NLA2012-KS-107,1,367.5,28,7.586206897
1210062,NLA2012-KS-108,1,1193.75,261,50.4
1210075,NLA2012-KS-109,1,627.5,47,9.92
1210197,NLA2012-KS-109,2,506.25,45,12.97777778
1210270,NLA2012-KS-121,1,642.5,68,21.71428571
1210300,NLA2012-KS-122,1,533.75,60,20
1210143,NLA2012-KS-124,1,677.5,103,19.71
1210097,NLA2012-KS-125,1,308.75,16,3.066666667
1210228,NLA2012-KS-126,1,2130,455,6.336
1210041,NLA2012-KS-130,1,967.5,45,14.688
1210109,NLA2012-KS-138,1,328.75,12,3.588571429
1210020,NLA2012-KS-R01,1,587.5,46,15.408
1210077,NLA2012-KS-R02,1,650,47,10.576
1210139,NLA2012-KS-R07,1,775,71,24.64
1210116,NLA2012-KS-R08,1,606.25,37,16.16
1210148,NLA2012-KS-R11,1,327.5,25,3.896
1210030,NLA2012-KY-101,1,136.25,16,1.16
1210289,NLA2012-KY-101,2,70,13,0.6205
1210050,NLA2012-KY-102,1,378.75,25,13.376
1210049,NLA2012-KY-104,1,2498,483,133.14
1210022,NLA2012-KY-107,1,822.5,50,44.26666667
1210284,NLA2012-KY-107,2,486.25,44,11.42857143
1210060,NLA2012-KY-114,1,1372.5,25,10.8
1210285,NLA2012-KY-116,1,415,26,2.593333333
1210072,NLA2012-KY-117,1,775,75,22.56
1210048,NLA2012-KY-120,1,1253.75,158,78.33333333
1210056,NLA2012-KY-122,1,1030,95,48.54545455
1210124,NLA2012-LA-101,1,1452.5,361,100.5333333
1210245,NLA2012-LA-101,2,1277.5,401,93
1210152,NLA2012-LA-102,1,537.5,112,11.664
1210177,NLA2012-LA-103,1,707.5,215,7.82
1210188,NLA2012-LA-104,1,691.25,66,16.16
1210161,NLA2012-LA-105,1,357.5,68,12.096
1210196,NLA2012-LA-106,1,1693.75,109,44
1210208,NLA2012-LA-109,1,1380,397,51.6
1210142,NLA2012-LA-134,1,795,198,8.72
1210255,NLA2012-LA-134,2,700,108,14.72
1210218,NLA2012-LA-141,1,9500,3085,426
1210181,NLA2012-LA-152,1,707.5,45,47.1
1210193,NLA2012-LA-154,1,6544,1054,250
1210198,NLA2012-LA-155,1,352.5,23,5.266666667
1210163,NLA2012-LA-161,1,615,55,13.648
1210272,NLA2012-LA-172,1,1947.5,427,74
1210953,NLA2012-MA-101,1,223.75,36,15.5
1211041,NLA2012-MA-101,2,205,32,8.288
1210978,NLA2012-MA-102,1,387.5,14,2.154666667
1211013,NLA2012-MA-103,1,395,15,4.68
1210979,NLA2012-MA-104,1,738.75,25,33.76
1210951,NLA2012-MA-105,1,325,24,6.34
1211037,NLA2012-MA-105,2,352.5,21,7.84
1211005,NLA2012-MA-106,1,277.5,13,5.273846154
1210961,NLA2012-MA-108,1,473.75,48,18.18666667
1211006,NLA2012-MA-109,1,261.25,7,1.472
1211007,NLA2012-MA-110,1,237.5,13,5.08
1210962,NLA2012-MA-111,1,223.75,29,5.533333333
1210306,NLA2012-MD-101,1,217.5,6,1.776
1210885,NLA2012-MD-101,2,231.25,4,1.668
1210213,NLA2012-MD-102,1,890,81,42.56
1210458,NLA2012-MD-103,1,271.25,5,0.842666667
1210754,NLA2012-MD-104,1,2342.5,165,118.8
1210269,NLA2012-MD-105,1,611.25,77,22.24
1210779,NLA2012-MD-105,2,871.25,91,43.2
1210598,NLA2012-MD-108,1,570,42,26
1210424,NLA2012-MD-115,1,1547.5,87,105.6
1210580,NLA2012-MD-118,1,5800,50,3.686153846
1210514,NLA2012-ME-R02,1,205,13,2.104
1210569,NLA2012-ME-R03,1,238.75,12,3.208
1210515,NLA2012-ME-R06,1,180,9,1.012
1210769,NLA2012-ME-R07,1,220,9,1.708
1210502,NLA2012-ME-R08,1,230,10,1.588
1210503,NLA2012-ME-R10,1,152.5,10,0.932
1210512,NLA2012-ME-R11,1,328.75,17,4.208
1210545,NLA2012-ME-R15,1,145,12,1.38
1210364,NLA2012-MI-101,1,603.75,15,2.808
1210843,NLA2012-MI-101,2,788.75,17,5.256
1210531,NLA2012-MI-102,1,587.5,46,33.44
1210800,NLA2012-MI-103,1,581.25,29,2.56
1210421,NLA2012-MI-104,1,618.75,18,5.176
1210338,NLA2012-MI-105,1,546.25,44,12
1210794,NLA2012-MI-106,1,511.25,36,3.466666667
1210914,NLA2012-MI-107,1,317.5,31,3.015384615
1210415,NLA2012-MI-108,1,557.5,14,4.48
1210337,NLA2012-MI-109,1,568.75,44,19.34883721
1210533,NLA2012-MI-110,1,551.25,10,1.501714286
1210315,NLA2012-MI-111,1,957.5,36,21.04
1210473,NLA2012-MI-112,1,790,38,17.04
1210845,NLA2012-MI-113,1,436.25,75,2.917333333
1210310,NLA2012-MI-114,1,658.75,51,11.200
1210482,NLA2012-MI-115,1,587.5,15,3.5
1210674,NLA2012-MI-116,1,513.75,36,3.568
1210509,NLA2012-MI-117,1,488.75,18,3.144
1210630,NLA2012-MI-118,1,388.75,8,2.974117647
1210434,NLA2012-MI-120,1,781.25,49,22.48
1210782,NLA2012-MI-122,1,217.5,21,1.045
1210554,NLA2012-MI-123,1,501.25,22,6.186666667
1210358,NLA2012-MI-124,1,616.25,38,3
1210697,NLA2012-MI-125,1,512.5,21,5.84
1210796,NLA2012-MI-126,1,668.75,39,4.106666667
1210450,NLA2012-MI-128,1,395,10,3.032
1210559,NLA2012-MI-129,1,487.5,21,2.373333333
1210797,NLA2012-MI-130,1,588.75,34,1.266666667
1210624,NLA2012-MI-132,1,1246.25,15,7.26
1210772,NLA2012-MI-133,1,210,25,1.4016
1210312,NLA2012-MI-135,1,567.5,22,4.581
1210388,NLA2012-MI-136,1,721.25,17,6.224
1210642,NLA2012-MI-137,1,707.5,19,5.4625
1210740,NLA2012-MI-138,1,1130,34,4.113333333
1210324,NLA2012-MI-139,1,1558.75,31,8.32
1210842,NLA2012-MI-139,2,1476.25,35,8.32
1210683,NLA2012-MI-141,1,358.75,19,2.313333333
1210820,NLA2012-MI-142,1,1203.75,75,6.21
1210447,NLA2012-MI-144,1,642.5,26,3.514666667
1210871,NLA2012-MI-145,1,778.75,29,5.824
1210639,NLA2012-MI-148,1,378.75,8,1.530666667
1210673,NLA2012-MI-150,1,720,23,7.428571429
1210320,NLA2012-MI-151,1,397.5,10,3.423
1210443,NLA2012-MI-152,1,1236.25,30,23.300
1210314,NLA2012-MI-155,1,1085,25,6.800
1210564,NLA2012-MI-161,1,610,30,15.392
1210606,NLA2012-MI-162,1,246.25,5,2.341333333
1210654,NLA2012-MI-164,1,1167.5,47,25.65333333
1210571,NLA2012-MI-165,1,565,17,16.48
1210372,NLA2012-MI-167,1,720,26,12.64
1210451,NLA2012-MI-168,1,3663,23,13.41538462
1210637,NLA2012-MI-169,1,772.5,41,21.12
1210852,NLA2012-MI-172,1,566.25,16,2.712
1210903,NLA2012-MI-177,1,387.5,23,1.670857143
1210916,NLA2012-MI-178,1,507.5,60,2.864
1210186,NLA2012-MI-R08,1,496.25,23,6.848
1210206,NLA2012-MI-R09,1,135,10,1.143225806
1210357,NLA2012-MN-101,1,523.75,22,8.016
1210918,NLA2012-MN-101,2,785,42,27.73333333
1210166,NLA2012-MN-102,1,502.5,44,5.68
1210686,NLA2012-MN-103,1,687.5,36,13.984
1210596,NLA2012-MN-104,1,658.75,38,1.786666667
1210239,NLA2012-MN-105,1,395,26,5.536
1210680,NLA2012-MN-106,1,632.5,48,2.92
1210133,NLA2012-MN-107,1,4063,98,41.76
1210176,NLA2012-MN-108,1,395,21,3.52
1210217,NLA2012-MN-109,1,1055,25,4.149333333
1210534,NLA2012-MN-110,1,791.25,40,12.16
1210094,NLA2012-MN-111,1,678.75,20,2.688
1210738,NLA2012-MN-112,1,2894,159,92.8
1210435,NLA2012-MN-113,1,3844,236,203.4
1210781,NLA2012-MN-114,1,3006,159,115.7333333
1210698,NLA2012-MN-115,1,543.75,56,3.464
1210377,NLA2012-MN-116,1,1026.25,30,26.24
1210089,NLA2012-MN-118,1,4900,524,122.4
1210662,NLA2012-MN-119,1,1363.75,152,38.28
1210106,NLA2012-MN-120,1,733.75,46,25.76
1210657,NLA2012-MN-121,1,1452.5,54,18.5
1210136,NLA2012-MN-122,1,791.25,38,3.424
1210343,NLA2012-MN-123,1,1310,91,20.4
1210898,NLA2012-MN-123,2,1231.25,93,2.976
1210494,NLA2012-MN-126,1,766.25,28,14.048
1210821,NLA2012-MN-127,1,1993.75,110,40.8
1210195,NLA2012-MN-130,1,557.5,31,7.536
1210611,NLA2012-MN-131,1,1698.75,82,3
1210112,NLA2012-MN-132,1,976.25,38,5.245714286
1210742,NLA2012-MN-135,1,3875,259,80
1210848,NLA2012-MN-136,1,903.75,82,13.44
1210123,NLA2012-MN-137,1,4638,272,107.2
1210274,NLA2012-MN-138,1,382.5,28,4.64
1210526,NLA2012-MN-141,1,531.25,41,4.384
1210613,NLA2012-MN-143,1,1885,69,30.13333333
1210901,NLA2012-MN-144,1,670,25,1.632
1210085,NLA2012-MN-145,1,687.5,28,3.008
1210341,NLA2012-MN-147,1,743.75,45,10.22857143
1210275,NLA2012-MN-150,1,763.75,17,6.08
1210741,NLA2012-MN-152,1,1756.25,132,59.6
1210280,NLA2012-MN-153,1,586.25,22,6.704
1210547,NLA2012-MN-157,1,2048.75,86,50.4
1210844,NLA2012-MN-158,1,4363,425,97.6
1210714,NLA2012-MN-160,1,900,40,15.16
1210939,NLA2012-MN-162,1,873.75,23,7.536
1210185,NLA2012-MN-163,1,1267.5,107,68.16
1210707,NLA2012-MN-167,1,1580,172,48.8
1210934,NLA2012-MN-170,1,396.25,32,5.512
1210893,NLA2012-MN-171,1,1960,72,18.69333333
1210709,NLA2012-MN-177,1,2357.5,243,77.2
1210943,NLA2012-MN-180,1,1401.25,40,18.32
1210947,NLA2012-MN-181,1,941.25,49,2.592
1210504,NLA2012-MN-R01,1,540,11,1.558
1210550,NLA2012-MN-R12,1,667.5,25,5.76
1210568,NLA2012-MN-R13,1,872.5,28,9.6
1210565,NLA2012-MN-R14,1,518.75,30,14.64
1210518,NLA2012-MO-101,1,1317.5,97,64.8
1211039,NLA2012-MO-101,2,1218.75,94,51.2
1211066,NLA2012-MO-102,1,802.5,48,34.88
1210442,NLA2012-MO-103,1,688.75,34,17.12
1210205,NLA2012-MO-104,1,246.25,25,2.136
1210730,NLA2012-MO-105,1,476.25,42,20
1210993,NLA2012-MO-106,1,1126.25,110,66.6
1210088,NLA2012-MO-107,1,985,200,65.2
1210318,NLA2012-MO-108,1,300,20,2.192
1210770,NLA2012-MO-108,2,398.75,33,6.928
1210074,NLA2012-MO-109,1,1067.5,67,29.4
1210731,NLA2012-MO-110,1,353.75,29,6.656
1210374,NLA2012-MO-115,1,673.75,50,18.08
1210204,NLA2012-MO-117,1,245,10,1.192
1210149,NLA2012-MO-119,1,326.25,27,4.336
1210944,NLA2012-MO-120,1,1305,69,46
1210907,NLA2012-MO-122,1,2288.75,235,86.4
1210824,NLA2012-MO-123,1,1295,135,56.66666667
1210906,NLA2012-MO-126,1,2232.5,392,117.6666667
1210348,NLA2012-MO-R01,1,195,8,1.184
1210329,NLA2012-MO-R02,1,401.25,18,2.682666667
1210099,NLA2012-MS-101,1,1041.25,124,49.6
1210591,NLA2012-MS-101,2,1018.75,153,80.8
1210506,NLA2012-MS-103,1,440,54,21.4
1210101,NLA2012-MS-104,1,1316.25,129,34.08
1210555,NLA2012-MS-105,1,296.25,21,9.696
1210054,NLA2012-MS-106,1,438.75,33,25.76
1210055,NLA2012-MS-107,1,553.75,212,25.6
1210588,NLA2012-MS-112,1,506.25,37,6.348
1210610,NLA2012-MS-113,1,270,20,3.552
1210066,NLA2012-MS-116,1,396.25,22,3.944
1210629,NLA2012-MS-116,2,502.5,21,6.448
1210087,NLA2012-MS-119,1,990,45,23.04
1210592,NLA2012-MS-125,1,6188,1689,217.6
1210530,NLA2012-MS-126,1,760,82,27.2
1210602,NLA2012-MS-128,1,456.25,20,8.576
1210084,NLA2012-MS-R03,1,1226.25,66,55.84
1210812,NLA2012-MT-102,1,167.5,21,0.884571429
1210963,NLA2012-MT-102,2,187.5,26,1.6416
1210931,NLA2012-MT-103,1,1598.75,339,3.296
1210114,NLA2012-MT-104,1,216.25,29,0.637333333
1210967,NLA2012-MT-105,1,82.5,20,1.014
1210478,NLA2012-MT-106,1,166.25,11,0.464
1210345,NLA2012-MT-107,1,1620,42,6.616
1210391,NLA2012-MT-108,1,2067.5,1344,8.560
1210203,NLA2012-MT-109,1,573.75,43,5.237333333
1210647,NLA2012-MT-110,1,166.25,23,1.252
1210973,NLA2012-MT-111,1,68.75,16,1.134
1210068,NLA2012-MT-113,1,97.5,17,0.60020141
1210200,NLA2012-MT-118,1,1452.5,1378,13.28
1210930,NLA2012-MT-119,1,4175,390,143.6
1210860,NLA2012-MT-120,1,167.5,12,1.03
1210667,NLA2012-MT-124,1,41.25,16,0.742
1210254,NLA2012-MT-126,1,3195,355,1.572
1210904,NLA2012-MT-135,1,3344,343,231.12
1210840,NLA2012-MT-136,1,112.5,10,0.684
1210201,NLA2012-MT-138,1,882.5,78,11.296
1210746,NLA2012-MT-140,1,28.75,8,0.338
1210282,NLA2012-MT-142,1,1901.25,103,2.224
1210362,NLA2012-MT-143,1,1313.75,29,0.63
1210803,NLA2012-MT-144,1,601.25,91,5
1210887,NLA2012-MT-151,1,3550,738,57.6
1210632,NLA2012-MT-152,1,248.75,11,1.204
1210273,NLA2012-MT-154,1,13413,3436,35.77142857
1210567,NLA2012-MT-156,1,160,28,1.346666667
1210566,NLA2012-MT-160,1,930,74,30.312
1210935,NLA2012-MT-161,1,603.75,65,5.32
1211023,NLA2012-MT-162,1,82.5,8,1.624
1210876,NLA2012-MT-164,1,901.25,10,1.782
1210990,NLA2012-MT-164,2,943.75,9,1.216
1210954,NLA2012-MT-177,1,1352.5,46,2.197333333
1210057,NLA2012-NC-101,1,291.25,38,13.248
1210818,NLA2012-NC-101,2,1000,55,10.9
1210090,NLA2012-NC-103,1,113.75,11,3.12
1210695,NLA2012-NC-104,1,650,36,7.52
1210040,NLA2012-NC-105,1,41.25,15,0.864
1210028,NLA2012-NC-107,1,657.5,26,31.2
1210052,NLA2012-NC-108,1,93.75,26,2.034285714
1210064,NLA2012-NC-109,1,115,12,2.05
1210831,NLA2012-NC-114,1,877.5,116,56.26666667
1210723,NLA2012-NC-115,1,787.5,58,13.22666667
1210081,NLA2012-NC-116,1,490,66,24.96
1210817,NLA2012-NC-116,2,260,29,53.02857143
1210722,NLA2012-NC-124,1,1622.5,140,92.016
1210716,NLA2012-NC-127,1,293.75,19,7.725714286
1210857,NLA2012-NC-134,1,756.25,45,25.44
1210039,NLA2012-ND-101,1,1552.5,414,13.44
1210322,NLA2012-ND-101,2,1977.5,545,41.952
1210247,NLA2012-ND-102,1,2750,254,59.2
1210593,NLA2012-ND-103,1,2085,88,19.15
1210086,NLA2012-ND-104,1,2407.5,274,41.4
1210864,NLA2012-ND-105,1,1721.25,328,23.92
1210313,NLA2012-ND-106,1,1615,89,13.200
1210360,NLA2012-ND-107,1,3125,99,19.48
1210157,NLA2012-ND-108,1,6788,603,446.4
1210497,NLA2012-ND-109,1,2830,176,13.46666667
1210113,NLA2012-ND-110,1,1956.25,203,6.8
1210007,NLA2012-ND-112,1,1900,147,3.28
1210830,NLA2012-ND-113,1,1688.75,49,11.2
1210495,NLA2012-ND-114,1,1563.75,153,17.28
1210008,NLA2012-ND-115,1,1508.75,70,7.48
1210212,NLA2012-ND-115,2,1807.5,62,55.8
1210093,NLA2012-ND-118,1,2715,230,1.76
1210253,NLA2012-ND-119,1,2508,840,11.64
1210156,NLA2012-ND-126,1,3088,751,62.8
1210562,NLA2012-ND-129,1,3680,839,283.2
1210660,NLA2012-ND-131,1,1140,36,2.917333333
1210344,NLA2012-ND-134,1,2336.25,302,24.4
1210107,NLA2012-ND-139,1,2668,131,2.732
1210659,NLA2012-ND-145,1,1372.5,91,20.36923077
1210122,NLA2012-ND-146,1,2693,128,24.96
1210551,NLA2012-ND-149,1,6200,1254,164
1210170,NLA2012-ND-151,1,3125,272,48.96
1210165,NLA2012-ND-155,1,5119,3590,0.708
1210725,NLA2012-ND-156,1,3590,432,78.56
1210605,NLA2012-ND-160,1,1981.25,53,7.24
1210131,NLA2012-ND-162,1,1957.5,88,21.6
1210144,NLA2012-ND-163,1,1952.5,138,27.2
1210552,NLA2012-ND-164,1,3373,333,39.4893617
1210251,NLA2012-ND-167,1,3775,322,42.576
1210581,NLA2012-ND-172,1,2713,317,82.24
1210187,NLA2012-ND-173,1,1831.25,81,3.004
1210150,NLA2012-ND-178,1,950,51,2.868
1210154,NLA2012-ND-186,1,1193.75,68,8.16
1210246,NLA2012-ND-187,1,1053.75,43,7.04
1210648,NLA2012-ND-190,1,4781,359,229.7142857
1210538,NLA2012-ND-193,1,3333,279,81.12
1210626,NLA2012-ND-194,1,5738,599,460.8
1210303,NLA2012-ND-196,1,1901.25,91,17.17333333
1210649,NLA2012-ND-198,1,1875,78,8.4
1210846,NLA2012-ND-199,1,2515,61,6.24
1210652,NLA2012-ND-202,1,4213,67,39.2
1211040,NLA2012-ND-R17,1,2395,70,27.867
1211042,NLA2012-ND-R18,1,1236.25,98,20.4
1210489,NLA2012-NE-101,1,922.5,219,27.36
1210879,NLA2012-NE-101,2,992.5,267,16.64
1210815,NLA2012-NE-102,1,7750,498,182.6666667
1210468,NLA2012-NE-103,1,1057.5,310,32.26666667
1210505,NLA2012-NE-104,1,2303.75,237,157.86
1210789,NLA2012-NE-105,1,3663,450,48.467
1210528,NLA2012-NE-106,1,1905,144,98.66666667
1210703,NLA2012-NE-107,1,4450,277,28
1210786,NLA2012-NE-108,1,6225,673,269.3333333
1210476,NLA2012-NE-109,1,722.5,59,12.01333333
1210523,NLA2012-NE-110,1,4163,1399,257.6
1210717,NLA2012-NE-111,1,837.5,140,7.428571429
1210729,NLA2012-NE-112,1,1905,128,5.28
1210816,NLA2012-NE-113,1,5600,268,120.8
1210492,NLA2012-NE-114,1,330,241,5.82
1210767,NLA2012-NE-121,1,8475,374,218.6666667
1210748,NLA2012-NE-125,1,9088,455,212
1210858,NLA2012-NE-127,1,17400,566,19.73333333
1210557,NLA2012-NE-129,1,2108.75,225,160.64
1210895,NLA2012-NE-129,2,2307.5,260,160.32
1210522,NLA2012-NE-133,1,1998.75,96,2.66
1210841,NLA2012-NE-135,1,51313,3636,233.6
1210881,NLA2012-NE-149,1,4500,421,248
1210877,NLA2012-NE-154,1,3513,873,114.9333333
1210878,NLA2012-NE-156,1,12875,1156,424
1210911,NLA2012-NE-157,1,691.25,47,15.76
1210922,NLA2012-NE-158,1,2396.25,697,5.48
1210873,NLA2012-NE-160,1,616.25,81,21.37142857
1210882,NLA2012-NE-166,1,900,104,24.1
1210890,NLA2012-NE-170,1,4025,319,248.76
1210167,NLA2012-NH-101,1,145,22,2.344
1210501,NLA2012-NH-101,2,253.75,20,2.896
1210363,NLA2012-NH-102,1,387.5,20,5.408
1210257,NLA2012-NH-103,1,132.5,6,1.74
1210134,NLA2012-NH-104,1,225,18,3.948
1210234,NLA2012-NH-105,1,413.75,27,3.8
1210601,NLA2012-NH-107,1,450,18,6.192
1210118,NLA2012-NH-108,1,266.25,27,3.368
1210481,NLA2012-NH-109,1,125,7,0.6112
1210427,NLA2012-NH-111,1,238.75,13,3.48
1210189,NLA2012-NH-112,1,158.75,15,2.24
1210543,NLA2012-NH-112,2,196.25,11,2.152
1210675,NLA2012-NH-115,1,247.5,12,1.984
1210162,NLA2012-NH-R04,1,181.25,14,0.604
1210400,NLA2012-NJ-101,1,592.5,49,19.08571429
1211030,NLA2012-NJ-101,2,617.5,50,13.97333333
1210385,NLA2012-NJ-102,1,827.5,158,27.900
1211044,NLA2012-NJ-103,1,965,57,35.76
1210401,NLA2012-NJ-104,1,398.75,39,21.64
1210982,NLA2012-NJ-105,1,426.25,12,3.216
1210994,NLA2012-NJ-106,1,1002.5,87,105.84
1210230,NLA2012-NJ-107,1,465,49,15.728
1211052,NLA2012-NJ-108,1,762.5,24,3.744
1210353,NLA2012-NJ-118,1,687.5,38,7.9
1210389,NLA2012-NJ-119,1,336.25,17,4.927
1210325,NLA2012-NJ-131,1,312.5,7,2.901333333
1211021,NLA2012-NJ-131,2,295,9,2.445714286
1211045,NLA2012-NJ-R01,1,466.25,25,11.472
1210046,NLA2012-NM-104,1,180,30,4.52
1210799,NLA2012-NM-104,2,343.75,36,22
1210038,NLA2012-NM-105,1,1347.5,77,8.586666667
1210096,NLA2012-NM-117,1,1128.75,25,4.658333333
1210808,NLA2012-NM-117,2,1347.5,28,10.8
1210103,NLA2012-NM-129,1,505,24,1.58
1210031,NLA2012-NM-132,1,1231.25,231,23.521
1210098,NLA2012-NM-134,1,128.75,17,1.83
1210095,NLA2012-NM-138,1,305,152,1.915
1210083,NLA2012-NM-150,1,938.75,159,34.4
1210044,NLA2012-NM-152,1,1511.25,256,12.88
1210111,NLA2012-NM-160,1,611.25,214,3.28
1210795,NLA2012-NM-161,1,213.75,16,1.715
1210801,NLA2012-NM-162,1,626.25,56,1.93
1210091,NLA2012-NV-101,1,1061.25,437,6.528
1210455,NLA2012-NV-101,2,1048.75,565,13.66153846
1210190,NLA2012-NV-102,1,645,138,4.714666667
1210191,NLA2012-NV-103,1,462.5,27,0.334
1210369,NLA2012-NV-104,1,572.5,125,3.101538462
1210368,NLA2012-NV-105,1,388.75,246,4.305882353
1210092,NLA2012-NV-106,1,587.5,173,3.84
1210252,NLA2012-NV-109,1,606.25,83,0.329142857
1210370,NLA2012-NV-119,1,510,108,5.488
1210462,NLA2012-NV-119,2,727.5,166,32.964
1210147,NLA2012-NV-127,1,572.5,43,1.815
1210456,NLA2012-NV-137,1,351.25,230,4.288
1210210,NLA2012-NV-141,1,1102.5,137,5.141333333
1210479,NLA2012-NV-144,1,206.25,20,11.64444444
1210146,NLA2012-NV-167,1,845,150,0.410133333
1210463,NLA2012-NV-177,1,415,88,1.771428571
1210214,NLA2012-NV-193,1,445,21,2.064
1210558,NLA2012-NV-R01,1,75,12,1.908
1210180,NLA2012-NY-0101,1,217.5,10,0.912727273
1210985,NLA2012-NY-0101,2,266.25,8,1.59
1210238,NLA2012-NY-0102,1,396.25,16,1.171428571
1211038,NLA2012-NY-0103,1,111.25,4,1.28
1210127,NLA2012-NY-0104,1,428.75,55,4.7
1210751,NLA2012-NY-0104,2,523.75,53,9.552
1210390,NLA2012-NY-0106,1,247.5,14,1.844
1210560,NLA2012-NY-0108,1,693.75,124,41.6
1210433,NLA2012-NY-0109,1,485,26,12.64
1210409,NLA2012-NY-0110,1,321.25,11,2.202666667
1210425,NLA2012-NY-0111,1,426.25,12,1.691
1211003,NLA2012-NY-0112,1,486.25,33,5.137777778
1210375,NLA2012-NY-R02,1,223.75,12,1.05
1210516,NLA2012-NY-R03,1,251.25,9,2.664
1210466,NLA2012-NY-R04,1,1271.25,136,71.2
1210532,NLA2012-NY-R06,1,340,23,16.48
1210491,NLA2012-NY-R07,1,1807.5,176,92
1210429,NLA2012-NY-R08,1,288.75,17,2.380
1210475,NLA2012-NY-R11,1,140,9,1.38
1211043,NLA2012-OAHU12-12,1,781.25,40,29.12
1211063,NLA2012-OAHU12-12,2,511.25,35,20.32
1210998,NLA2012-OAHU12-23,1,543.75,63,32.16
1211054,NLA2012-OAHU12-23,2,556.25,56,33.92
1210784,NLA2012-OH-101,1,1326.25,159,74.56
1210938,NLA2012-OH-101,2,1215,155,62.6
1210618,NLA2012-OH-102,1,2128.75,572,81.6
1210287,NLA2012-OH-103,1,352.5,17,3.76
1210849,NLA2012-OH-104,1,1226.25,88,53.92
1211026,NLA2012-OH-105,1,1360,138,111.2
1210884,NLA2012-OH-106,1,447.5,21,9.066666667
1210814,NLA2012-OH-107,1,1948.75,128,105.984
1210945,NLA2012-OH-112,1,520,26,8.587
1211024,NLA2012-OH-113,1,1777.5,164,88.8
1210875,NLA2012-OH-115,1,233.75,9,3.188
1210440,NLA2012-OH-118,1,148.75,5,1.22
1210836,NLA2012-OH-118,2,197.5,14,10.4
1210997,NLA2012-OH-122,1,1475,109,64.32
1210471,NLA2012-OH-127,1,207.5,8,1.712
1210653,NLA2012-OH-134,1,1395,289,77.44
1210382,NLA2012-OH-136,1,2745,185,204.48
1210631,NLA2012-OH-137,1,845,41,36.25714286
1210584,NLA2012-OH-R02,1,445,10,4.4
1210940,NLA2012-OH-R03,1,460,22,5.344
1210017,NLA2012-OK-R01,1,593.75,28,11.77142857
1210026,NLA2012-OK-R09,1,837.5,46,17.44
1210229,NLA2012-OR-101,1,838.75,332,6.492957746
1210711,NLA2012-OR-102,1,1198.75,452,11.28
1210855,NLA2012-OR-103,1,82.5,65,0.701333333
1210991,NLA2012-OR-103,2,95,66,0.349
1210334,NLA2012-OR-104,1,186.25,32,2.821333333
1210671,NLA2012-OR-105,1,287.5,48,3.744
1210350,NLA2012-OR-106,1,16.25,62,0.997894737
1210644,NLA2012-OR-107,1,172.5,18,1.013333333
1210761,NLA2012-OR-109,1,28.75,9,0.1216
1210182,NLA2012-OR-110,1,195,21,3.71967655
1210268,NLA2012-OR-111,1,2423.75,306,14.9
1210699,NLA2012-OR-112,1,347.5,125,8.114285714
1210418,NLA2012-OR-113,1,212.5,25,1.624
1210822,NLA2012-OR-121,1,190,39,0.769230769
1210983,NLA2012-OR-121,2,256.25,40,0.8896
1210410,NLA2012-OR-123,1,191.25,37,11.872
1210977,NLA2012-OR-126,1,130,26,1.468
1210760,NLA2012-OR-128,1,170,23,5.323076923
1210620,NLA2012-OR-129,1,171.25,20,2.832
1210183,NLA2012-OR-131,1,625,197,20.22857143
1210164,NLA2012-OR-133,1,160,20,1.424
1210780,NLA2012-OR-144,1,296.25,17,1.194666667
1210621,NLA2012-OR-145,1,181.25,12,2.711111111
1210672,NLA2012-OR-154,1,577.5,288,2.392
1210432,NLA2012-OR-155,1,411.25,51,15.776
1211012,NLA2012-OR-158,1,3125,187,45.6
1210856,NLA2012-OR-160,1,245,30,0.692
1211011,NLA2012-OR-163,1,207.5,9,3.411428571
1211033,NLA2012-OR-167,1,480,117,20.68571429
1210381,NLA2012-OR-169,1,33.75,25,0.428
1210976,NLA2012-OR-173,1,82.5,4,0.725333333
1210498,NLA2012-PA-R10,1,121.25,10,0.396
1210521,NLA2012-PA-R11,1,141.25,22,4.2
1210296,NLA2012-RI-102,1,330,18,5.152
1210537,NLA2012-RI-102,2,316.25,25,5.568
1210426,NLA2012-RI-103,1,282.5,20,3.064
1210232,NLA2012-RI-104,1,302.5,20,6.528
1210452,NLA2012-RI-108,1,291.25,16,2.616
1210331,NLA2012-RI-110,1,678.75,36,24.32
1210301,NLA2012-RI-111,1,596.25,24,9.338461538
1210457,NLA2012-RI-111,2,376.25,37,3.733333333
1210336,NLA2012-RI-112,1,582.5,47,9.5
1210379,NLA2012-RI-113,1,601.25,29,10.88
1210757,NLA2012-SC-102,1,778.75,44,36.24
1210070,NLA2012-SC-103,1,52.5,22,1.348
1210832,NLA2012-SC-103,2,85,14,1.232941176
1210787,NLA2012-SC-104,2,863.75,62,20.08
1210035,NLA2012-SC-105,1,837.5,61,29.33333333
1210053,NLA2012-SC-106,1,237.5,37,4.697142857
1210034,NLA2012-SC-108,1,497.5,32,11.49333333
1210033,NLA2012-SC-112,1,300,12,2.605714286
1210720,NLA2012-SC-112,2,262.5,22,6.64
1210737,NLA2012-SC-118,1,348.75,51,12.8
1210778,NLA2012-SC-127,1,630,25,10.88
1210047,NLA2012-SD-101,1,347.5,27,2.74
1210766,NLA2012-SD-101,2,275,29,2.34
1210276,NLA2012-SD-102,1,1931.25,709,10.8
1210892,NLA2012-SD-103,1,1891.25,67,13.7
1210080,NLA2012-SD-104,1,1328.75,119,3.112
1210449,NLA2012-SD-105,1,1895,100,42.84
1210233,NLA2012-SD-106,1,687.5,42,5.904
1210594,NLA2012-SD-107,1,803.75,39,11.04
1210437,NLA2012-SD-108,1,1022.5,57,9.955555556
1210829,NLA2012-SD-109,1,2258.75,501,43.1
1210267,NLA2012-SD-110,1,1735,167,16.52
1210384,NLA2012-SD-111,1,3881,162,90.720
1210115,NLA2012-SD-114,1,3031,144,53.6
1210126,NLA2012-SD-115,1,1921.25,187,70.76923077
1210763,NLA2012-SD-115,2,5419,294,172
1210604,NLA2012-SD-119,1,2237.5,390,59.73333333
1210076,NLA2012-SD-122,1,2421.25,147,31.04
1210173,NLA2012-SD-124,1,2693,236,62.8
1210356,NLA2012-SD-126,1,3550,316,93.71428571
1210073,NLA2012-SD-130,1,1951.25,126,23.36
1210734,NLA2012-SD-131,1,3863,336,148.32
1210572,NLA2012-SD-132,1,1992.5,366,33.6
1210487,NLA2012-SD-133,1,1841.25,304,72.92571429
1210428,NLA2012-SD-134,1,2731,928,57.23076923
1210670,NLA2012-SD-137,1,1887.5,475,0.576
1210061,NLA2012-SD-138,1,778.75,49,2.52
1210174,NLA2012-SD-140,1,851.25,68,8.112
1210909,NLA2012-SD-141,1,2535,39,6.2
1210774,NLA2012-SD-143,1,54000,32,7.413333333
1211027,NLA2012-SD-146,1,1743.75,25,7.936
1210664,NLA2012-SD-147,1,2563,554,57
1210896,NLA2012-SD-150,1,3094,99,13
1210859,NLA2012-SD-154,1,2900,753,35.56923077
1210888,NLA2012-SD-157,1,2420,84,32.508
1210361,NLA2012-SD-158,1,1783.75,610,17.28
1210886,NLA2012-SD-162,1,2352.5,815,85.44
1210556,NLA2012-SD-165,1,1368.75,357,1.912
1210059,NLA2012-SD-166,1,1105,71,6.376
1210175,NLA2012-SD-168,1,1757.5,293,16.88
1210847,NLA2012-SD-170,1,3400,137,25.46666667
1210178,NLA2012-SD-172,1,1555,70,3.688
1210065,NLA2012-SD-182,1,912.5,35,1.92
1210298,NLA2012-SD-183,1,343.75,41,4.672
1210529,NLA2012-SD-189,1,2400,147,38.736
1210913,NLA2012-SD-198,1,2132.5,419,1.914
1210589,NLA2012-SD-212,1,1222.5,346,0.334
1210045,NLA2012-TN-101,1,991.25,129,49.76
1211046,NLA2012-TN-101,2,2351.25,310,60.8
1211019,NLA2012-TN-103,1,3000,359,30.72
1211048,NLA2012-TN-104,1,260,13,5.112
1210989,NLA2012-TN-106,1,476.25,43,28
1210036,NLA2012-TN-108,1,1793.75,628,69.6
1211008,NLA2012-TN-108,2,1318.75,664,50.93333333
1210043,NLA2012-TN-113,1,1098.75,120,109.584
1210042,NLA2012-TN-114,1,1922.5,50,29.92
1211009,NLA2012-TN-114,2,611.25,42,12.352
1211010,NLA2012-TN-119,1,841.25,51,23.04
1211004,NLA2012-TN-122,1,510,48,19.04
1211047,NLA2012-TN-R01,1,131.25,21,3.384
1210194,NLA2012-TX-101,1,1013.75,181,48.4
1210988,NLA2012-TX-101,2,1762.5,332,76.96
1210441,NLA2012-TX-103,1,970,49,14.500
1210677,NLA2012-TX-104,1,896.25,111,11.632
1210248,NLA2012-TX-105,1,590,35,37.28
1210263,NLA2012-TX-107,1,830,43,3.744
1210367,NLA2012-TX-109,1,805,35,11.2
1210271,NLA2012-TX-110,1,610,26,14.85714286
1210411,NLA2012-TX-111,1,1588.75,28,12.704
1210430,NLA2012-TX-112,1,418.75,23,3.592
1210646,NLA2012-TX-113,1,868.75,60,40.64
1210546,NLA2012-TX-114,1,601.25,95,57
1210704,NLA2012-TX-116,1,632.5,34,4.72
1210169,NLA2012-TX-117,1,1656.25,239,88.8
1210355,NLA2012-TX-117,2,3925,590,144.8
1210912,NLA2012-TX-118,1,1198.75,86,25.4
1210135,NLA2012-TX-121,1,1263.75,204,40.8
1210395,NLA2012-TX-124,1,596.25,25,12.08
1210802,NLA2012-TX-128,1,528.75,56,5.52
1211051,NLA2012-TX-129,1,1043.75,59,12.288
1210243,NLA2012-TX-135,1,2894,114,30.24
1210402,NLA2012-TX-136,1,1668.75,113,29.86666667
1210946,NLA2012-TX-137,1,590,30,2.436
1210160,NLA2012-TX-141,1,445,30,7.064
1210145,NLA2012-TX-144,1,470,30,6.848
1210406,NLA2012-TX-148,1,595,64,5.64
1210444,NLA2012-TX-152,1,5913,486,373.3333333
1210224,NLA2012-TX-157,1,578.75,58,24.48
1210211,NLA2012-TX-158,1,806.25,88,26.6
1210969,NLA2012-TX-159,1,1367.5,100,20
1210199,NLA2012-TX-160,1,898.75,79,60.48
1211032,NLA2012-TX-161,1,742.5,171,14.176
1210155,NLA2012-TX-165,1,436.25,26,7.9
1210171,NLA2012-TX-169,1,4065,54,1.245333333
1210380,NLA2012-TX-170,1,1222.5,84,51.2
1210346,NLA2012-TX-176,1,1356.25,130,21.216
1210480,NLA2012-TX-182,1,608.75,39,5.546666667
1210237,NLA2012-TX-187,1,1070,167,40.09411765
1210376,NLA2012-TX-190,1,348.75,30,2.902857143
1210209,NLA2012-TX-195,1,655,89,42.66666667
1211062,NLA2012-TX-196,1,897.5,88,27.2
1210919,NLA2012-TX-199,1,4650,525,148
1210431,NLA2012-TX-201,1,753.75,43,15.504
1210924,NLA2012-TX-202,1,1712.5,116,25.28
1210573,NLA2012-TX-205,1,1012.5,17,7.466666667
1210868,NLA2012-TX-218,1,1752.5,122,98
1211022,NLA2012-TX-232,1,978.75,35,11.968
1211064,NLA2012-TX-234,1,882.5,54,9.163636364
1211034,NLA2012-TX-235,1,1432.5,88,44.48
1210129,NLA2012-TX-R02,1,365,41,8.44
1210999,NLA2012-TX-R08,1,920,113,40
1211055,NLA2012-TX-R09,1,456.25,27,7.968
1210006,NLA2012-UT-101,1,156,15,3.586666667
1210392,NLA2012-UT-101,2,381.25,18,3.022
1210108,NLA2012-UT-102,1,186.25,21,1.668
1210003,NLA2012-UT-103,1,188.75,23,6.353333333
1210082,NLA2012-UT-104,1,258.75,65,2
1210168,NLA2012-UT-105,1,291.25,23,2.568
1210014,NLA2012-UT-108,1,440,80,6
1210130,NLA2012-UT-109,1,1855,96,33.6
1210119,NLA2012-UT-110,1,431.25,29,1.095384615
1210955,NLA2012-UT-110,2,415,21,2.692
1210069,NLA2012-UT-112,1,606.25,60,10.11428571
1210702,NLA2012-UT-118,1,198.75,23,1.36
1210915,NLA2012-UT-122,1,158.75,10,5.08
1210299,NLA2012-UT-125,1,207.5,20,0.664
1210758,NLA2012-UT-126,1,281.25,12,0.486857143
1210067,NLA2012-UT-128,1,1257.5,72,21.48
1210371,NLA2012-UT-137,1,1252.5,147,15.04
1210281,NLA2012-UT-141,1,1338.75,193,47.8
1210775,NLA2012-UT-147,1,431.25,14,9.611428571
1210288,NLA2012-UT-148,1,2022.5,265,74.8
1210771,NLA2012-UT-159,1,220,11,1.509333333
1210207,NLA2012-UT-160,1,225,30,0.704
1210262,NLA2012-UT-165,1,641.25,41,1.46
1210645,NLA2012-UT-167,1,472.5,27,0.867175573
1210349,NLA2012-UT-169,1,211.25,23,1.56
1210260,NLA2012-UT-173,1,162.5,36,2.392
1210277,NLA2012-UT-186,1,427.5,118,11.84
1210633,NLA2012-UT-196,1,266.25,17,1.34
1210488,NLA2012-UT-203,1,113.75,6,0.56
1210373,NLA2012-UT-210,1,282.5,51,2.72
1210719,NLA2012-UT-218,1,230,28,3.858823529
1210387,NLA2012-UT-222,1,1466.25,83,14.250
1210941,NLA2012-UT-229,1,423.75,37,3.516
1210317,NLA2012-UT-260,1,285,21,3.564
1210984,NLA2012-UT-264,1,511.25,104,24.1
1210952,NLA2012-UT-290,1,848.75,66,3.907692308
1210422,NLA2012-UT-294,1,140,24,0.92
1210932,NLA2012-UT-324,1,220,19,1.850666667
1210933,NLA2012-UT-325,1,310,31,4.48
1210972,NLA2012-UT-343,1,1005,85,0.3148
1210975,NLA2012-UT-359,1,3250,542,173.2
1210929,NLA2012-UT-374,1,211.25,25,1.676
1211057,NLA2012-UT-392,1,645,55,4.2
1211058,NLA2012-UT-397,1,271.25,16,1.116
1211067,NLA2012-UT-400,1,1136.25,1208,10.24
1211060,NLA2012-UT-409,1,1647.5,237,39.68
1211056,NLA2012-UT-412,1,298.75,54,9.28
1211059,NLA2012-UT-424,1,533.75,43,5.702857143
1210326,NLA2012-VA-101,1,875,146,64.672
1210650,NLA2012-VA-101,2,691.25,159,81.28
1210582,NLA2012-VA-102,1,1083.75,70,64
1210448,NLA2012-VA-103,1,367.5,24,9.248
1210525,NLA2012-VA-104,1,178.75,19,7.376
1210351,NLA2012-VA-105,1,537.5,80,11.504
1210623,NLA2012-VA-106,1,731.25,64,49.12
1210110,NLA2012-VA-108,1,271.25,61,11.456
1210058,NLA2012-VA-109,1,530,63,7.656
1210407,NLA2012-VA-109,2,596.25,57,7.488
1210436,NLA2012-VA-110,1,378.75,19,6.848
1210330,NLA2012-VA-111,1,561.25,114,66.56
1210679,NLA2012-VA-112,1,356.25,24,6.417
1210140,NLA2012-VA-114,1,371.25,35,25.4
1210071,NLA2012-VA-116,1,183.75,37,19
1210416,NLA2012-VA-118,1,3081,426,93.6
1210597,NLA2012-VA-119,1,1555,124,70
1210335,NLA2012-VA-121,1,802.5,96,45.6
1210678,NLA2012-VA-123,1,2005,112,111.6
1210117,NLA2012-VA-125,1,490,27,5.808
1210541,NLA2012-VA-126,1,550,40,16.32
1210745,NLA2012-VA-127,1,815,81,35.4
1210762,NLA2012-VA-130,1,447.5,61,36.6
1210220,NLA2012-VA-R01,1,176.25,9,1.68
1210628,NLA2012-VA-R05,1,352.5,12,4.52
1210595,NLA2012-VA-R06,1,297.5,15,1.765
1210508,NLA2012-VA-R14,1,158.75,13,2.752
1210226,NLA2012-VA-R17,1,191.25,9,3.664
1210665,NLA2012-VA-R18,1,1160,103,70.8
1210159,NLA2012-VT-101,1,261.25,18,0.952
1210635,NLA2012-VT-101,2,276.25,14,0.731
1210231,NLA2012-VT-102,1,250,14,3.76
1210590,NLA2012-VT-103,1,342.5,20,3.394285714
1210413,NLA2012-VT-104,1,296.25,9,3.168
1210291,NLA2012-VT-106,1,315,20,5.28
1210383,NLA2012-VT-109,1,428.75,19,7.76
1210851,NLA2012-VT-110,1,231.25,9,9.2475
1210304,NLA2012-VT-112,1,536.25,19,17.76
1210870,NLA2012-VT-112,2,431.25,16,2.432
1210575,NLA2012-VT-114,1,136.25,10,1.851428571
1210724,NLA2012-VT-115,1,428.75,31,0.328
1210359,NLA2012-VT-R01,1,307.5,12,0.858666667
1210378,NLA2012-VT-R02,1,216.25,5,0.912
1210365,NLA2012-WA-101,1,343.75,21,7.912
1210839,NLA2012-WA-101,2,435,31,10.72
1210643,NLA2012-WA-102,1,1572.5,180,5.12
1210880,NLA2012-WA-103,1,286.25,9,1.770666667
1210968,NLA2012-WA-104,1,623.75,99,25.76
1210493,NLA2012-WA-106,1,967.5,53,36.64
1210607,NLA2012-WA-107,1,1073.75,74,42.88
1210419,NLA2012-WA-108,1,258.75,38,3.701333333
1210736,NLA2012-WA-109,1,256.25,15,3.674666667
1211061,NLA2012-WA-110,1,153.75,19,1.872
1210705,NLA2012-WA-111,1,640,16,1.568
1210461,NLA2012-WA-112,1,522.5,93,45.33333333
1210917,NLA2012-WA-114,1,591.25,92,5.162666667
1210936,NLA2012-WA-115,1,443.75,50,1.608
1210980,NLA2012-WA-116,1,723.75,22,4.432
1210286,NLA2012-WA-118,1,585,28,1.7
1210959,NLA2012-WA-120,1,238.75,50,1.4868
1210297,NLA2012-WA-121,1,347.5,9,4.986666667
1210958,NLA2012-WA-124,1,746.25,25,41.84
1210861,NLA2012-WA-125,1,227.5,72,3.98
1210460,NLA2012-WA-126,1,171.25,40,6.331428571
1210640,NLA2012-WA-129,1,35,85,1.858285714
1210693,NLA2012-WA-131,1,1158.75,95,2.176
1210759,NLA2012-WA-133,1,748.75,62,9.92
1211028,NLA2012-WA-133,2,861.25,53,8.16
1210332,NLA2012-WA-138,1,278.75,12,3.136
1210352,NLA2012-WA-141,1,310,23,2.453333333
1210908,NLA2012-WA-146,1,141.25,34,1.429333333
1210706,NLA2012-WA-147,1,456.25,41,1.385806452
1211020,NLA2012-WA-151,1,13.75,15,0.652
1211053,NLA2012-WA-154,1,533.75,53,10.432
1210302,NLA2012-WA-157,1,98.75,25,1.744
1210987,NLA2012-WA-159,1,536.25,67,7.552
1210600,NLA2012-WA-R08,1,478.75,69,2.712
1210616,NLA2012-WA-R09,1,218.75,79,1.466666667
1210638,NLA2012-WA-R10,1,800,20,2.008
1210663,NLA2012-WA-R11,1,73,8,0.5344
1210153,NLA2012-WI-R06,1,596.25,19,9.226666667
1210021,NLA2012-WI-R08,1,370,24,3.08
1210019,NLA2012-WI-R11,1,920,36,13.68
1210685,NLA2012-WI-R12,1,413.75,23,2.613333333
1210700,NLA2012-WI-R13,1,515,17,8.672
1210184,NLA2012-WV-101,1,172.5,6,2.284
1210900,NLA2012-WV-101,2,225,10,4.48
1210128,NLA2012-WV-102,1,127.5,16,2.232
1210965,NLA2012-WV-105,1,365,36,15.3
1210132,NLA2012-WV-106,1,152.5,14,0.892
1210249,NLA2012-WV-111,1,245,11,2.229090909
1210279,NLA2012-WV-112,1,657.5,63,25.25714286
1210937,NLA2012-WV-112,2,1016.25,116,63.2
1210235,NLA2012-WV-113,1,192.5,26,8.48
1210192,NLA2012-WV-115,1,306.25,14,1.66
1210227,NLA2012-WV-R01,1,133.75,7,2.352
1210305,NLA2012-WY-101,1,106.25,22,0.519
1211000,NLA2012-WY-101,2,222.5,28,1.0944
1210519,NLA2012-WY-102,1,848.75,82,10.44
1210587,NLA2012-WY-103,1,50,12,0.54
1210319,NLA2012-WY-104,1,146.25,15,1.02
1210323,NLA2012-WY-105,1,253.75,52,1.756
1210327,NLA2012-WY-107,1,1558.75,1528,3.44
1210658,NLA2012-WY-115,1,467.5,51,2.168
1210585,NLA2012-WY-117,1,43.75,15,14.08
1210586,NLA2012-WY-120,1,87.5,18,2.356
1210520,NLA2012-WY-124,1,62.5,42,0.524
1211014,NLA2012-WY-124,2,91.25,42,0.602666667
1210960,NLA2012-WY-125,1,296.25,29,2.544
1210328,NLA2012-WY-130,1,1805,44,5.408
1210339,NLA2012-WY-131,1,196.25,36,2.36
1210655,NLA2012-WY-133,1,58.75,14,1.032
1210340,NLA2012-WY-135,1,480,64,3.272
1211001,NLA2012-WY-137,1,317.5,33,0.829333333
1211018,NLA2012-WY-147,1,355,36,5.493333333
1211015,NLA2012-WY-151,1,198.75,30,2.96
1210806,NLA2012-WY-R01,1,55,9,0.6656
1210615,NLA2012-WY-R02,1,141.25,12,1.860606061
1210755,NLA2012-WY-R04,1,868.75,34,34.4
1210827,NLA2012-WY-R08,1,145,7,2.432
