"SITE_ID","NTL","PTL","CHLA","WSA_ECO9","Year"
"NLA06608-0029",2106,247,123.12,"CPL",2007
"NLA06608-0031",428,32,5.264,"SAP",2007
"NLA06608-0033",835,67,8.92,"WMT",2007
"NLA06608-0036",178,8,5.069,"TPL",2007
"NLA06608-0048",773,111,54,"CPL",2007
"NLA06608-0049",256,15,1.136,"WMT",2007
"NLA06608-0050",303,16,3.952,"NAP",2007
"NLA06608-0053",246,29,6.256,"NAP",2007
"NLA06608-0057",1756,218,125.396,"SAP",2007
"NLA06608-0061",481,19,3.5,"XER",2007
"NLA06608-0037",239,14,8.016,"NAP",2007
"NLA06608-0038",158,4,4.328,"NAP",2007
"NLA06608-0041",476,1,0.884,"SAP",2007
"NLA06608-0042",213,15,2.208,"WMT",2007
"NLA06608-0043",645,9,5.409,"UMW",2007
"NLA06608-0044",4108,601,135.61,"SPL",2007
"NLA06608-0045",648,54,20.16,"SAP",2007
"NLA06608-0001",151,6,0.24,"WMT",2007
"NLA06608-0002",695,36,3.84,"CPL",2007
"NLA06608-0003",738,43,16.96,"CPL",2007
"NLA06608-0004",344,18,4.6,"WMT",2007
"NLA06608-0005",85,4,1.205,"WMT",2007
"NLA06608-0006",184,7,4.08,"NAP",2007
"NLA06608-0065",71,1,0.568,"WMT",2007
"NLA06608-0066",665,7,1.749,"SAP",2007
"NLA06608-0007",493,8,2.432,"UMW",2007
"NLA06608-0008",801,66,30.24,"TPL",2007
"NLA06608-0010",473,10,4.384,"UMW",2007
"NLA06608-0012",1026,159,4.9,"SPL",2007
"NLA06608-0013",384,28,16.027,"CPL",2007
"NLA06608-0014",4147,175,8.748,"TPL",2007
"NLA06608-0015",470,109,20,"XER",2007
"NLA06608-0016",490,6,13,"SPL",2007
"NLA06608-0019",7047,801,4.032,"NPL",2007
"NLA06608-0020",605,30,20.24,"TPL",2007
"NLA06608-0021",390,7,2.292,"NAP",2007
"NLA06608-0023",349,12,2.776,"SPL",2007
"NLA06608-0024",860,35,44.151,"CPL",2007
"NLA06608-0025",195,10,1.304,"SAP",2007
"NLA06608-0062",2834,152,2.184,"NPL",2007
"NLA06608-0064",3366,2047,19.04,"NPL",2007
"NLA06608-0068",168,1,0.953,"WMT",2007
"NLA06608-0069",420,39,7.408,"CPL",2007
"NLA06608-0071",2441,415,198.72,"CPL",2007
"NLA06608-0072",1724,174,10.128,"SPL",2007
"NLA06608-0073",1055,4679,0.494,"XER",2007
"NLA06608-0076",436,24,10.88,"TPL",2007
"NLA06608-0077",1461,116,67.968,"NAP",2007
"NLA06608-0078",4747,136,10.016,"TPL",2007
"NLA06608-0079",97,4,2.352,"WMT",2007
"NLA06608-0080",956,100,58.464,"CPL",2007
"NLA06608-0081",741,22,6.664,"WMT",2007
"NLA06608-0083",3925,50,3.744,"NPL",2007
"NLA06608-0085",1581,417,4.04,"XER",2007
"NLA06608-0086",288,20,18.24,"WMT",2007
"NLA06608-0089",333,35,11.36,"SAP",2007
"NLA06608-0090",253,11,4.357,"WMT",2007
"NLA06608-0091",2021,170,118.8,"TPL",2007
"NLA06608-0099",601,6,4.6,"TPL",2007
"NLA06608-0101",63,1,0.695,"NAP",2007
"NLA06608-0102",137,1,1.2,"NAP",2007
"NLA06608-0104",1076,102,38.2,"SPL",2007
"NLA06608-0105",339,45,5.976,"WMT",2007
"NLA06608-0107",520,3,2.315,"UMW",2007
"NLA06608-0110",491,12,1.771,"UMW",2007
"NLA06608-0111",343,6,3.256,"NAP",2007
"NLA06608-0112",1266,96,84.764,"TPL",2007
"NLA06608-0113",190,9,4.688,"NAP",2007
"NLA06608-0115",540,5,1.352,"UMW",2007
"NLA06608-0116",271,26,2.816,"WMT",2007
"NLA06608-0120",1174,315,2.54,"SPL",2007
"NLA06608-0124",340,213,31.586,"SPL",2007
"NLA06608-0126",5728,502,228.24,"NPL",2007
"NLA06608-0127",641,19,5.92,"WMT",2007
"NLA06608-0128",1356,76,0.455,"NPL",2007
"NLA06608-0129",108,5,0.428,"WMT",2007
"NLA06608-0130",2234,36,12.912,"XER",2007
"NLA06608-0132",466,56,8.107,"WMT",2007
"NLA06608-0134",156,4,1.576,"NAP",2007
"NLA06608-0137",82,3,1.326,"XER",2007
"NLA06608-0139",763,33,12.8,"UMW",2007
"NLA06608-0140",1158,173,52.56,"TPL",2007
"NLA06608-0141",975,73,110.16,"CPL",2007
"NLA06608-0142",293,7,1.364,"UMW",2007
"NLA06608-0144",898,69,22.248,"SPL",2007
"NLA06608-0148",342,16,1.866,"TPL",2007
"NLA06608-0149",220,12,4.18,"NAP",2007
"NLA06608-0150",366,16,8.224,"NAP",2007
"NLA06608-0152",521,21,5.2,"SPL",2007
"NLA06608-0153",656,34,10.4,"SAP",2007
"NLA06608-0155",1520,114,79.8,"TPL",2007
"NLA06608-0158",651,16,3.136,"UMW",2007
"NLA06608-0161",1069,30,39,"CPL",2007
"NLA06608-0162",244,14,2.56,"NAP",2007
"NLA06608-0339",1659,376,7.44,"NPL",2007
"NLA06608-0340",333,23,9.904,"WMT",2007
"NLA06608-0341",333,23,5.28,"NAP",2007
"NLA06608-0343",2606,117,45.36,"TPL",2007
"NLA06608-0344",848,53,24.8,"TPL",2007
"NLA06608-0240",396,14,2.104,"NPL",2007
"NLA06608-0241",774,80,9.744,"XER",2007
"NLA06608-0242",300,20,2.872,"NAP",2007
"NLA06608-0243",203,7,1.821,"NPL",2007
"NLA06608-0244",436,15,6,"SPL",2007
"NLA06608-0245",329,11,2.656,"XER",2007
"NLA06608-0238",265,7,2.976,"UMW",2007
"NLA06608-0239",383,36,2.659,"SAP",2007
"NLA06608-0167",15625,1184,936,"UMW",2007
"NLA06608-0168",866,61,21.76,"TPL",2007
"NLA06608-0169",353,33,2.592,"WMT",2007
"NLA06608-0170",780,8,1.435,"UMW",2007
"NLA06608-0173",2218,57,70.4,"XER",2007
"NLA06608-0174",1002,19,6.752,"UMW",2007
"NLA06608-0175",698,55,19.68,"TPL",2007
"NLA06608-0176",848,207,25.76,"CPL",2007
"NLA06608-0177",177,6,3.576,"NAP",2007
"NLA06608-0179",5181,209,18.4,"NPL",2007
"NLA06608-0180",721,61,30.615,"SPL",2007
"NLA06608-0181",514,6,1.381,"XER",2007
"NLA06608-0183",907,68,30.096,"UMW",2007
"NLA06608-0184",1049,100,40.752,"TPL",2007
"NLA06608-0185",284,9,3.128,"NAP",2007
"NLA06608-0189",871,77,32.256,"SAP",2007
"NLA06608-0190",666,16,5.168,"UMW",2007
"NLA06608-0191",48,1,1.129,"SAP",2007
"NLA06608-0193",71,3,0.302,"WMT",2007
"NLA06608-0195",1955,447,15.552,"NPL",2007
"NLA06608-0196",1250,94,31.4,"TPL",2007
"NLA06608-0198",353,25,10.672,"CPL",2007
"NLA06608-0201",40,3,0.797,"WMT",2007
"NLA06608-0203",239,1,0.772,"SAP",2007
"NLA06608-0204",1355,125,68.85,"SPL",2007
"NLA06608-0207",384,14,6.518,"SAP",2007
"NLA06608-0208",1687,162,65.6,"CPL",2007
"NLA06608-0209",205,4,2.408,"WMT",2007
"NLA06608-0211",1340,42,9.067,"UMW",2007
"NLA06608-0212",88,8,4.36,"SAP",2007
"NLA06608-0215",1463,83,58.464,"UMW",2007
"NLA06608-0216",1367,619,19.2,"TPL",2007
"NLA06608-0217",508,6,17.6,"SAP",2007
"NLA06608-0219",1826,36,55.584,"UMW",2007
"NLA06608-0220",22613,872,871.2,"SPL",2007
"NLA06608-0221",594,38,31.68,"CPL",2007
"NLA06608-0222",2008,114,38.736,"NPL",2007
"NLA06608-0223",569,45,21.92,"SAP",2007
"NLA06608-0224",283,14,1.883,"SAP",2007
"NLA06608-0225",130,4,0.876,"NPL",2007
"NLA06608-0226",328,8,5.888,"NAP",2007
"NLA06608-0228",408,25,1.429,"SPL",2007
"NLA06608-0229",219,4,3.6,"NAP",2007
"NLA06608-0234",584,14,4.776,"UMW",2007
"NLA06608-0235",626,8,7.8,"UMW",2007
"NLA06608-0237",678,23,1.858,"XER",2007
"NLA06608-0327",281,13,56.736,"CPL",2007
"NLA06608-0328",1093,82,117.504,"CPL",2007
"NLA06608-0330",289,13,1.104,"UMW",2007
"NLA06608-0332",260,11,6.444,"SAP",2007
"NLA06608-0333",282,15,5.04,"SAP",2007
"NLA06608-0334",1834,142,5.88,"TPL",2007
"NLA06608-0337",586,23,7.84,"WMT",2007
"NLA06608-0247",1625,202,55.8,"TPL",2007
"NLA06608-0253",968,127,32.544,"CPL",2007
"NLA06608-0254",2816,175,49.6,"TPL",2007
"NLA06608-0255",276,4,2.438,"SAP",2007
"NLA06608-0257",79,1,1.147,"WMT",2007
"NLA06608-0259",3172,613,48.24,"NPL",2007
"NLA06608-0260",136,8,1.273,"WMT",2007
"NLA06608-0268",464,20,7.7,"SPL",2007
"NLA06608-0271",857,99,30.04,"TPL",2007
"NLA06608-0275",3084,331,6.72,"NPL",2007
"NLA06608-0276",254,7,1.978,"WMT",2007
"NLA06608-0277",451,117,12.928,"XER",2007
"NLA06608-0279",4600,239,126.267,"TPL",2007
"NLA06608-0280",1229,81,20.952,"CPL",2007
"NLA06608-0281",639,44,25.097,"SAP",2007
"NLA06608-0283",381,33,9.86,"CPL",2007
"NLA06608-0284",865,79,20.8,"SPL",2007
"NLA06608-0285",4222,138,35.28,"CPL",2007
"NLA06608-0286",413,5,2.224,"UMW",2007
"NLA06608-0290",273,178,4.304,"WMT",2007
"NLA06608-0291",553,13,3.624,"TPL",2007
"NLA06608-0293",759,30,21.888,"NAP",2007
"NLA06608-0294",343,1,2.336,"NAP",2007
"NLA06608-0295",2026,242,5.733,"TPL",2007
"NLA06608-0297",587,31,14.133,"CPL",2007
"NLA06608-0299",915,18,3.776,"UMW",2007
"NLA06608-0302",6934,1871,203.76,"TPL",2007
"NLA06608-0303",1523,79,84.24,"TPL",2007
"NLA06608-0306",1525,271,38.733,"XER",2007
"NLA06608-1147",1414,775,42.24,"SPL",2007
"NLA06608-1148",6934,242,48,"SPL",2007
"NLA06608-1150",500,11,3.792,"UMW",2007
"NLA06608-1151",648,129,13.716,"WMT",2007
"NLA06608-1153",224,3,0.254,"WMT",2007
"NLA06608-1155",3069,122,28.68,"NPL",2007
"NLA06608-0312",355,35,19.2,"TPL",2007
"NLA06608-0313",279,24,15.08,"CPL",2007
"NLA06608-0318",847,43,13.888,"UMW",2007
"NLA06608-0319",251,16,4.48,"SAP",2007
"NLA06608-0324",248,21,4.816,"SAP",2007
"NLA06608-0325",814,50,46,"CPL",2007
"NLA06608-0326",225,5,1.262,"NAP",2007
"NLA06608-0345",511,22,6.048,"SAP",2007
"NLA06608-0350",902,18,17.44,"UMW",2007
"NLA06608-0354",188,5,2.088,"NAP",2007
"NLA06608-0356",2897,167,110.7,"SPL",2007
"NLA06608-0357",276,14,5.616,"NAP",2007
"NLA06608-0491",665,16,7.2,"UMW",2007
"NLA06608-0493",353,15,9.472,"SAP",2007
"NLA06608-0494",401,4,24.64,"UMW",2007
"NLA06608-0495",136,11,1.774,"WMT",2007
"NLA06608-0496",4372,620,0.694,"NPL",2007
"NLA06608-0497",156,17,0.858,"XER",2007
"NLA06608-0498",820,44,26.424,"NAP",2007
"NLA06608-0500",266,21,13.12,"SAP",2007
"NLA06608-0606",708,15,5.824,"UMW",2007
"NLA06608-0707",4034,127,5.6,"NPL",2007
"NLA06608-0648",8603,349,78.286,"SPL",2007
"NLA06608-0649",95,9,3.64,"WMT",2007
"NLA06608-0650",466,23,6.896,"WMT",2007
"NLA06608-0651",290,12,12.96,"SAP",2007
"NLA06608-0654",698,22,9.152,"UMW",2007
"NLA06608-0657",559,20,12.48,"NAP",2007
"NLA06608-0658",110,5,1.116,"WMT",2007
"NLA06608-0820",2841,323,120.8,"SAP",2007
"NLA06608-0823",331,7,2.084,"UMW",2007
"NLA06608-0824",309,22,6.229,"TPL",2007
"NLA06608-0825",1001,88,39.696,"XER",2007
"NLA06608-0827",543,23,11.6,"SPL",2007
"NLA06608-0828",1510,114,68.4,"CPL",2007
"NLA06608-0830",15563,1617,272,"NPL",2007
"NLA06608-0831",44,4,1.304,"SAP",2007
"NLA06608-0833",104,1,0.792,"WMT",2007
"NLA06608-0834",583,23,8.053,"WMT",2007
"NLA06608-0836",1184,51,2.695,"XER",2007
"NLA06608-0837",1460,109,55.584,"XER",2007
"NLA06608-0842",71,13,1.557,"WMT",2007
"NLA06608-0843",196,8,2.565,"SAP",2007
"NLA06608-0846",875,39,31.84,"UMW",2007
"NLA06608-0847",3572,395,189.36,"TPL",2007
"NLA06608-0849",189,5,4.696,"WMT",2007
"NLA06608-0850",486,19,2.304,"WMT",2007
"NLA06608-1143",768,59,9.52,"UMW",2007
"NLA06608-1145",724,60,17.829,"SAP",2007
"NLA06608-1162",541,8,3.083,"UMW",2007
"NLA06608-1163",778,11,4.005,"UMW",2007
"NLA06608-1164",424,23,8.08,"SPL",2007
"NLA06608-1166",197,1,1.148,"UMW",2007
"NLA06608-1167",461,5,2.624,"UMW",2007
"NLA06608-1170",240,6,1.22,"WMT",2007
"NLA06608-1172",241,4,3.003,"SAP",2007
"NLA06608-1174",298,4,2.76,"NAP",2007
"NLA06608-1175",1328,69,32.112,"UMW",2007
"NLA06608-1177",328,24,16.64,"CPL",2007
"NLA06608-0358",209,7,3.687,"NAP",2007
"NLA06608-0359",1296,191,42.655,"TPL",2007
"NLA06608-0361",171,19,11.856,"SAP",2007
"NLA06608-0363",567,18,11.68,"UMW",2007
"NLA06608-0366",601,14,7.568,"UMW",2007
"NLA06608-0367",2157,54,59.4,"NAP",2007
"NLA06608-0369",163,1,1.744,"NAP",2007
"NLA06608-0372",229,16,3.16,"SPL",2007
"NLA06608-0373",104,1,0.68,"WMT",2007
"NLA06608-0376",324,6,4.245,"SPL",2007
"NLA06608-0377",850,46,44.928,"SAP",2007
"NLA06608-0378",223,9,0.548,"NPL",2007
"NLA06608-0384",4291,68,3.387,"NPL",2007
"NLA06608-0385",1834,51,2.312,"NPL",2007
"NLA06608-0386",475,9,0.832,"SAP",2007
"NLA06608-0388",85,3,0.33,"SAP",2007
"NLA06608-0488",1070,162,49.68,"SPL",2007
"NLA06608-0489",1275,107,24.32,"SAP",2007
"NLA06608-0501",182,6,0.634,"XER",2007
"NLA06608-0502",648,5,2.28,"UMW",2007
"NLA06608-0503",5916,430,244.8,"TPL",2007
"NLA06608-0508",756,283,28,"CPL",2007
"NLA06608-0509",821,4,1.232,"SAP",2007
"NLA06608-0510",2916,165,71.2,"TPL",2007
"NLA06608-0393",101,8,1.239,"XER",2007
"NLA06608-0395",231,13,30.4,"SAP",2007
"NLA06608-0399",586,13,3.352,"UMW",2007
"NLA06608-0401",279,10,16.16,"NAP",2007
"NLA06608-0402",2287,176,73.728,"WMT",2007
"NLA06608-0403",485,20,5.36,"UMW",2007
"NLA06608-0405",458,16,8.56,"NAP",2007
"NLA06608-0406",172,4,1.232,"WMT",2007
"NLA06608-0407",2872,762,1.813,"TPL",2007
"NLA06608-0408",270,15,5.667,"SPL",2007
"NLA06608-0413",581,106,108.576,"SAP",2007
"NLA06608-0414",1296,40,6.688,"UMW",2007
"NLA06608-0418",296,8,2.184,"NAP",2007
"NLA06608-0421",537,9,2.184,"NAP",2007
"NLA06608-0425",1433,234,16.16,"WMT",2007
"NLA06608-0426",574,5,3.12,"UMW",2007
"NLA06608-0432",644,218,24.8,"CPL",2007
"NLA06608-0433",422,7,1.68,"NAP",2007
"NLA06608-0435",1824,78,23.2,"UMW",2007
"NLA06608-0436",398,29,18.216,"SAP",2007
"NLA06608-0439",19200,1056,377.28,"NPL",2007
"NLA06608-0440",853,182,5.46,"SPL",2007
"NLA06608-0442",6559,385,4.496,"NPL",2007
"NLA06608-0444",383,42,10.272,"CPL",2007
"NLA06608-0445",336,15,6.848,"SAP",2007
"NLA06608-0447",79,3,1.205,"SAP",2007
"NLA06608-0449",404,16,4.391,"WMT",2007
"NLA06608-0452",604,37,7.246,"SPL",2007
"NLA06608-0453",1056,48,4.314,"CPL",2007
"NLA06608-0454",367,16,3.2,"NAP",2007
"NLA06608-0456",681,29,25.098,"SPL",2007
"NLA06608-0458",947,39,15.056,"CPL",2007
"NLA06608-0459",200,8,3.984,"SAP",2007
"NLA06608-0462",194,3,NA,"UMW",2007
"NLA06608-0463",1031,82,30.72,"UMW",2007
"NLA06608-0467",788,15,12.72,"TPL",2007
"NLA06608-0468",179,8,0.643,"WMT",2007
"NLA06608-0469",191,11,3.352,"NAP",2007
"NLA06608-0470",193,8,1.512,"NAP",2007
"NLA06608-0471",839,24,5.52,"TPL",2007
"NLA06608-0472",803,78,19.2,"SAP",2007
"NLA06608-0473",714,55,36.823,"SAP",2007
"NLA06608-0479",318,14,5.296,"TPL",2007
"NLA06608-0480",194,3,1.52,"SAP",2007
"NLA06608-0483",461,4,3.84,"XER",2007
"NLA06608-0484",1519,190,126.4,"CPL",2007
"NLA06608-0511",112,13,2.352,"WMT",2007
"NLA06608-0512",2447,61,11.84,"TPL",2007
"NLA06608-0514",1009,7,3.856,"SAP",2007
"NLA06608-0515",4984,335,5.92,"NPL",2007
"NLA06608-0634",6800,288,139.68,"NPL",2007
"NLA06608-0635",224,18,5.147,"SPL",2007
"NLA06608-0637",454,21,7.408,"WMT",2007
"NLA06608-0641",737,49,25.44,"WMT",2007
"NLA06608-0659",1593,432,24.144,"TPL",2007
"NLA06608-0660",1546,8,2.904,"TPL",2007
"NLA06608-0661",601,22,25.92,"NAP",2007
"NLA06608-0662",256,12,2.968,"NAP",2007
"NLA06608-0523",1738,115,48.6,"TPL",2007
"NLA06608-0526",651,17,11.008,"UMW",2007
"NLA06608-0528",814,65,11.792,"SPL",2007
"NLA06608-0529",508,42,26.08,"XER",2007
"NLA06608-0530",1016,117,17.76,"CPL",2007
"NLA06608-0531",2697,57,3.813,"NPL",2007
"NLA06608-0533",178,6,3.18,"NAP",2007
"NLA06608-0537",256,11,2.335,"SAP",2007
"NLA06608-0540",2250,235,95.04,"SPL",2007
"NLA06608-0541",329,14,6.016,"SAP",2007
"NLA06608-0542",1303,15,3.184,"UMW",2007
"NLA06608-0546",4022,181,14.944,"NAP",2007
"NLA06608-0547",519,10,2.107,"UMW",2007
"NLA06608-0550",234,1,1.312,"NAP",2007
"NLA06608-0551",1361,54,16.8,"UMW",2007
"NLA06608-0555",578,8,5.653,"UMW",2007
"NLA06608-0558",1154,17,7.216,"UMW",2007
"NLA06608-0560",532,27,12.96,"SPL",2007
"NLA06608-0561",86,5,0.139,"WMT",2007
"NLA06608-0562",334,9,2.08,"NAP",2007
"NLA06608-0564",217,14,6.648,"XER",2007
"NLA06608-0565",704,81,40.896,"XER",2007
"NLA06608-0569",2188,518,54,"WMT",2007
"NLA06608-0570",300,12,3.488,"NPL",2007
"NLA06608-0579",2694,229,7.136,"NPL",2007
"NLA06608-0580",183,10,1.816,"SAP",2007
"NLA06608-0581",241,8,1.928,"XER",2007
"NLA06608-0582",2709,315,15.696,"NAP",2007
"NLA06608-0583",4897,590,326.88,"CPL",2007
"NLA06608-0585",505,105,2.528,"XER",2007
"NLA06608-1204",230,10,5.04,"SAP",2007
"NLA06608-1206",834,17,2.98,"UMW",2007
"NLA06608-0587",1153,29,15.28,"UMW",2007
"NLA06608-0588",1729,589,7.467,"SPL",2007
"NLA06608-0590",884,46,NA,"UMW",2007
"NLA06608-0591",182,5,5.808,"SAP",2007
"NLA06608-0593",203,4,10.688,"WMT",2007
"NLA06608-0594",821,41,20.64,"CPL",2007
"NLA06608-0595",3828,258,106.56,"NPL",2007
"NLA06608-0596",96,1,0.986,"WMT",2007
"NLA06608-0597",361,22,7.8,"XER",2007
"NLA06608-0599",1012,90,50.256,"CPL",2007
"NLA06608-0709",2492,202,98.462,"CPL",2007
"NLA06608-0710",302,21,7.44,"CPL",2007
"NLA06608-0711",523,74,16.32,"CPL",2007
"NLA06608-0712",417,14,3.056,"SPL",2007
"NLA06608-1207",240,11,2.501,"UMW",2007
"NLA06608-1312",287,5,1.6,"SAP",2007
"NLA06608-1316",2606,269,62.4,"SAP",2007
"NLA06608-1319",4791,241,169.632,"TPL",2007
"NLA06608-1321",168,10,1.57,"WMT",2007
"NLA06608-1323",233,9,15.378,"SAP",2007
"NLA06608-1208",1340,182,138.816,"SPL",2007
"NLA06608-1209",437,22,6.552,"NAP",2007
"NLA06608-1210",4184,75,5.72,"NPL",2007
"NLA06608-0608",2184,327,102.6,"CPL",2007
"NLA06608-0609",3334,239,187.92,"CPL",2007
"NLA06608-0610",549,11,5.808,"NAP",2007
"NLA06608-0611",903,53,20.64,"TPL",2007
"NLA06608-0614",259,8,1.216,"WMT",2007
"NLA06608-0616",483,14,1.692,"SPL",2007
"NLA06608-0617",513,40,2.443,"WMT",2007
"NLA06608-0618",257,23,10.173,"CPL",2007
"NLA06608-0619",733,7,2.952,"UMW",2007
"NLA06608-0622",508,16,4.4,"UMW",2007
"NLA06608-0623",628,43,23.2,"NAP",2007
"NLA06608-0624",1274,49,35.2,"TPL",2007
"NLA06608-0625",55,1,0.615,"WMT",2007
"NLA06608-0627",616,11,3.192,"UMW",2007
"NLA06608-0628",793,40,2.304,"SPL",2007
"NLA06608-0630",771,8,2.616,"UMW",2007
"NLA06608-0632",746,44,34,"TPL",2007
"NLA06608-0663",6603,618,273.6,"TPL",2007
"NLA06608-0665",86,1,2.496,"CPL",2007
"NLA06608-0671",380,19,1.115,"WMT",2007
"NLA06608-0672",2273,213,63.36,"TPL",2007
"NLA06608-0674",243,3,1.024,"NAP",2007
"NLA06608-0677",1864,150,25.72,"XER",2007
"NLA06608-0678",462,52,8.267,"WMT",2007
"NLA06608-0679",635,13,12.112,"UMW",2007
"NLA06608-0681",249,9,3.435,"SAP",2007
"NLA06608-0686",1343,122,4.208,"UMW",2007
"NLA06608-0687",198,13,2.28,"WMT",2007
"NLA06608-0690",479,15,4.608,"NAP",2007
"NLA06608-0692",631,23,13.76,"SPL",2007
"NLA06608-0693",79,4,1.464,"XER",2007
"NLA06608-0696",829,252,32.616,"SPL",2007
"NLA06608-0713",138,7,1.652,"WMT",2007
"NLA06608-0715",123,4,3.545,"WMT",2007
"NLA06608-0717",2030,225,216,"CPL",2007
"NLA06608-0718",1869,616,2.64,"NPL",2007
"NLA06608-0720",1435,195,19.2,"SPL",2007
"NLA06608-0811",1224,51,50.04,"UMW",2007
"NLA06608-0812",357,11,6.448,"CPL",2007
"NLA06608-0721",441,21,7.104,"WMT",2007
"NLA06608-0723",1433,24,5.646,"SPL",2007
"NLA06608-0724",273,9,2.968,"TPL",2007
"NLA06608-0726",202,6,1.504,"NAP",2007
"NLA06608-0727",3722,191,130.4,"TPL",2007
"NLA06608-0731",1221,17,2.88,"UMW",2007
"NLA06608-0733",993,28,2.847,"XER",2007
"NLA06608-0734",364,16,3.152,"UMW",2007
"NLA06608-0738",223,3,1.696,"NAP",2007
"NLA06608-0743",406,5,6.032,"UMW",2007
"NLA06608-0744",1243,100,97.488,"TPL",2007
"NLA06608-0749",464,50,13.744,"SAP",2007
"NLA06608-0751",99,1,3.616,"SAP",2007
"NLA06608-0753",367,15,8.8,"NAP",2007
"NLA06608-0754",251,3,1.152,"NAP",2007
"NLA06608-0755",2216,1104,114.6,"NPL",2007
"NLA06608-0756",326,3,10.96,"SPL",2007
"NLA06608-0759",4153,360,185.4,"TPL",2007
"NLA06608-0761",403,12,54,"SAP",2007
"NLA06608-0762",3940,264,133.2,"NPL",2007
"NLA06608-0764",1386,58,24.264,"SPL",2007
"NLA06608-0765",507,29,11.392,"SAP",2007
"NLA06608-0766",1673,40,33.936,"TPL",2007
"NLA06608-0769",384,16,15.36,"WMT",2007
"NLA06608-0770",1455,28,6.815,"XER",2007
"NLA06608-0771",622,20,6.4,"UMW",2007
"NLA06608-0775",569,18,1.816,"SPL",2007
"NLA06608-0779",3916,1543,98.496,"TPL",2007
"NLA06608-0781",729,34,17.92,"NAP",2007
"NLA06608-0782",443,7,3.28,"UMW",2007
"NLA06608-0783",1896,819,50.933,"TPL",2007
"NLA06608-0785",2621,15,6.568,"XER",2007
"NLA06608-0792",760,47,30.24,"SPL",2007
"NLA06608-0793",340,19,3.072,"SAP",2007
"NLA06608-0794",91,3,1.056,"WMT",2007
"NLA06608-0797",418,24,4.24,"XER",2007
"NLA06608-0802",361,18,5.232,"NAP",2007
"NLA06608-0804",335,13,5.013,"TPL",2007
"NLA06608-0805",755,51,2.272,"NAP",2007
"NLA06608-0806",427,20,8.32,"NAP",2007
"NLA06608-0807",1505,511,27.504,"TPL",2007
"NLA06608-0808",1748,126,76.8,"TPL",2007
"NLA06608-0809",546,13,3.008,"WMT",2007
"NLA06608-0815",269,39,27.2,"CPL",2007
"NLA06608-0851",1104,44,7.8,"NPL",2007
"NLA06608-0856",483,31,9.467,"SPL",2007
"NLA06608-0857",469,31,12.72,"SAP",2007
"NLA06608-0859",913,33,11.472,"TPL",2007
"NLA06608-0860",6672,222,11.168,"TPL",2007
"NLA06608-0862",654,11,3.568,"UMW",2007
"NLA06608-0863",446,36,14.384,"SAP",2007
"NLA06608-0864",973,11,9.223,"SPL",2007
"NLA06608-0865",1489,100,83.52,"CPL",2007
"NLA06608-0868",1184,61,29.48,"TPL",2007
"NLA06608-0869",479,44,11.657,"NAP",2007
"NLA06608-0870",87,43,0.488,"WMT",2007
"NLA06608-0871",5378,407,256.32,"TPL",2007
"NLA06608-0872",1129,276,14.32,"SPL",2007
"NLA06608-0873",433,141,9.98,"WMT",2007
"NLA06608-0874",3441,29,14.16,"UMW",2007
"NLA06608-0875",720,16,6.136,"UMW",2007
"NLA06608-0877",878,14,11.8,"XER",2007
"NLA06608-0878",630,18,6.112,"UMW",2007
"NLA06608-0880",1463,134,41.6,"SPL",2007
"NLA06608-0881",513,42,15.886,"WMT",2007
"NLA06608-0885",865,1386,23.04,"XER",2007
"NLA06608-0889",404,204,11.925,"XER",2007
"NLA06608-0890",449,8,3.384,"UMW",2007
"NLA06608-0891",1137,133,30.677,"SPL",2007
"NLA06608-0893",303,14,6.96,"SAP",2007
"NLA06608-0895",520,237,13.856,"WMT",2007
"NLA06608-0899",4472,495,69.192,"NPL",2007
"NLA06608-0900",700,48,15.648,"TPL",2007
"NLA06608-0904",1603,135,77.2,"TPL",2007
"NLA06608-0905",358,12,1.294,"WMT",2007
"NLA06608-0906",111,1,0.832,"WMT",2007
"NLA06608-0913",697,10,3.44,"NAP",2007
"NLA06608-0914",171,10,1.288,"NAP",2007
"NLA06608-0915",1410,102,37.872,"UMW",2007
"NLA06608-0916",237,16,1.727,"WMT",2007
"NLA06608-0918",244,4,2.384,"NAP",2007
"NLA06608-0921",340,7,19.5,"SAP",2007
"NLA06608-0922",226,12,1.243,"NPL",2007
"NLA06608-0924",14400,447,98,"SPL",2007
"NLA06608-0925",1160,1,1.018,"XER",2007
"NLA06608-0926",252,4,1.472,"UMW",2007
"NLA06608-0927",498,18,2.715,"XER",2007
"NLA06608-0929",354,14,1.561,"WMT",2007
"NLA06608-0930",174,4,1.304,"NAP",2007
"NLA06608-0933",775,136,8.16,"WMT",2007
"NLA06608-0934",5,1,0.067,"WMT",2007
"NLA06608-0935",1198,36,18.72,"UMW",2007
"NLA06608-0938",519,34,11.888,"UMW",2007
"NLA06608-0940",866,37,22.56,"SPL",2007
"NLA06608-0942",306,6,2.384,"UMW",2007
"NLA06608-0943",93,5,2.288,"SAP",2007
"NLA06608-0944",1419,523,25.227,"NPL",2007
"NLA06608-0946",552,30,14.96,"NAP",2007
"NLA06608-0950",234,20,1.723,"XER",2007
"NLA06608-0955",288,10,2.784,"WMT",2007
"NLA06608-0957",276,8,2.16,"SAP",2007
"NLA06608-0958",511,18,8.56,"UMW",2007
"NLA06608-0961",189,11,3.64,"WMT",2007
"NLA06608-0962",190,6,1.396,"WMT",2007
"NLA06608-0967",1998,1016,15.5,"NPL",2007
"NLA06608-0968",3553,145,47.6,"TPL",2007
"NLA06608-0970",140,3,0.86,"WMT",2007
"NLA06608-0971",787,54,28.584,"TPL",2007
"NLA06608-0972",938,619,13.36,"SPL",2007
"NLA06608-0974",101,4,1.684,"UMW",2007
"NLA06608-0979",952,68,3.754,"WMT",2007
"NLA06608-0980",923,176,84,"TPL",2007
"NLA06608-0982",248,6,2.08,"NAP",2007
"NLA06608-0984",878,115,32.64,"CPL",2007
"NLA06608-0986",186,7,5.216,"CPL",2007
"NLA06608-0987",1800,40,38.304,"UMW",2007
"NLA06608-0989",856,56,65.2,"SAP",2007
"NLA06608-0990",960,40,20.32,"UMW",2007
"NLA06608-0993",551,1,0.528,"NAP",2007
"NLA06608-0994",214,5,3.744,"NAP",2007
"NLA06608-0996",449,9,2.352,"SPL",2007
"NLA06608-0997",204,4,1.504,"NAP",2007
"NLA06608-1001",416,24,5.28,"CPL",2007
"NLA06608-1002",1536,378,1.136,"NPL",2007
"NLA06608-1003",524,12,3.816,"UMW",2007
"NLA06608-1005",425,40,22.88,"SAP",2007
"NLA06608-1006",3391,278,34.2,"NPL",2007
"NLA06608-1007",479,30,9.26,"TPL",2007
"NLA06608-1008",86,4,0.52,"NPL",2007
"NLA06608-1010",901,38,22.72,"NAP",2007
"NLA06608-1012",880,41,7.19,"TPL",2007
"NLA06608-1014",568,15,9.813,"UMW",2007
"NLA06608-1015",1704,77,66.24,"TPL",2007
"NLA06608-1016",749,69,21.44,"SPL",2007
"NLA06608-1018",1174,36,7.56,"UMW",2007
"NLA06608-1022",5003,553,138.24,"NPL",2007
"NLA06608-1024",439,19,6.656,"TPL",2007
"NLA06608-1034",563,5,1.984,"UMW",2007
"NLA06608-1035",4348,160,255.6,"TPL",2007
"NLA06608-1036",856,94,39.888,"TPL",2007
"NLA06608-1037",441,25,10.56,"CPL",2007
"NLA06608-1038",561,20,4,"UMW",2007
"NLA06608-1039",1454,81,125.28,"SAP",2007
"NLA06608-1041",1878,190,3.312,"XER",2007
"NLA06608-1044",344,54,18.4,"CPL",2007
"NLA06608-1045",236,6,1.256,"NAP",2007
"NLA06608-1047",285,3,9.6,"CPL",2007
"NLA06608-1052",1329,295,28.656,"SPL",2007
"NLA06608-1055",1477,88,89.712,"SAP",2007
"NLA06608-1056",464,22,8.752,"SAP",2007
"NLA06608-1057",28,1,0.149,"WMT",2007
"NLA06608-1058",171,1,0.8,"WMT",2007
"NLA06608-1059",1406,161,39.8,"TPL",2007
"NLA06608-1060",2372,243,155.52,"TPL",2007
"NLA06608-1070",1183,774,23.112,"TPL",2007
"NLA06608-1073",68,3,0.338,"WMT",2007
"NLA06608-1075",406,8,4.528,"UMW",2007
"NLA06608-1217",547,64,21.6,"WMT",2007
"NLA06608-1219",3794,99,38.867,"NPL",2007
"NLA06608-1220",478,31,22.4,"CPL",2007
"NLA06608-1083",2784,530,318.24,"SPL",2007
"NLA06608-1086",3950,92,13.86,"NPL",2007
"NLA06608-1087",273,14,3.584,"SAP",2007
"NLA06608-1089",293,8,1.04,"WMT",2007
"NLA06608-1091",2503,90,12.667,"NPL",2007
"NLA06608-1096",665,171,36.17,"NPL",2007
"NLA06608-1100",262,8,2.896,"TPL",2007
"NLA06608-1101",1713,109,128.736,"NAP",2007
"NLA06608-1102",230,4,2.104,"UMW",2007
"NLA06608-1103",6469,224,10.976,"TPL",2007
"NLA06608-1107",7750,733,49.032,"NPL",2007
"NLA06608-1108",1328,126,53.64,"TPL",2007
"NLA06608-1111",1500,193,46.224,"TPL",2007
"NLA06608-1113",118,9,7.568,"SAP",2007
"NLA06608-1114",558,63,12.496,"CPL",2007
"NLA06608-1115",1041,19,4.416,"TPL",2007
"NLA06608-1119",265,16,2.207,"WMT",2007
"NLA06608-1120",165,144,8.016,"SAP",2007
"NLA06608-1122",318,9,5.92,"NAP",2007
"NLA06608-1124",433,9,1.18,"SPL",2007
"NLA06608-1125",315,17,4.176,"NAP",2007
"NLA06608-1129",336,12,4.32,"WMT",2007
"NLA06608-1130",634,65,23.68,"UMW",2007
"NLA06608-1131",504,1,6.192,"UMW",2007
"NLA06608-1134",826,24,9.43,"UMW",2007
"NLA06608-1141",824,45,10.16,"XER",2007
"NLA06608-1179",2741,133,349.2,"TPL",2007
"NLA06608-1181",251,9,82.224,"SAP",2007
"NLA06608-1183",133,3,1.808,"WMT",2007
"NLA06608-1185",2869,62,104.533,"CPL",2007
"NLA06608-1189",281,9,1.868,"NAP",2007
"NLA06608-1190",96,3,6.176,"WMT",2007
"NLA06608-1191",984,152,48.96,"SPL",2007
"NLA06608-1195",753,26,16.571,"TPL",2007
"NLA06608-1198",611,9,2.64,"UMW",2007
"NLA06608-1199",836,44,49.577,"TPL",2007
"NLA06608-1222",391,12,10.4,"CPL",2007
"NLA06608-1223",4053,422,81.6,"TPL",2007
"NLA06608-1224",616,23,NA,"SPL",2007
"NLA06608-1227",487,8,5.08,"TPL",2007
"NLA06608-1232",483,12,5.653,"TPL",2007
"NLA06608-1236",504,52,4.752,"XER",2007
"NLA06608-1238",131,1,1.829,"NAP",2007
"NLA06608-1239",3309,117,83.376,"UMW",2007
"NLA06608-1240",771,141,28.872,"SPL",2007
"NLA06608-1241",526,34,14.08,"SAP",2007
"NLA06608-1242",849,11,2.896,"TPL",2007
"NLA06608-1243",949,42,35.28,"UMW",2007
"NLA06608-1244",3772,253,103.895,"SPL",2007
"NLA06608-1245",596,25,17.44,"CPL",2007
"NLA06608-1255",13825,1326,516,"TPL",2007
"NLA06608-1256",346,20,2.584,"TPL",2007
"NLA06608-1258",712,16,4.347,"UMW",2007
"NLA06608-1259",129,9,3.008,"WMT",2007
"NLA06608-1261",1014,32,16.056,"XER",2007
"NLA06608-1262",788,33,20.8,"UMW",2007
"NLA06608-1263",453,33,14,"SAP",2007
"NLA06608-1266",2228,933,0.927,"XER",2007
"NLA06608-1268",990,69,37.84,"TPL",2007
"NLA06608-1269",1911,646,113.143,"XER",2007
"NLA06608-1270",223,15,1.595,"XER",2007
"NLA06608-1271",3534,604,98.88,"TPL",2007
"NLA06608-1273",2297,197,195.84,"SAP",2007
"NLA06608-1274",285,4,1.904,"UMW",2007
"NLA06608-1278",1965,303,29.088,"TPL",2007
"NLA06608-1279",496,40,10.672,"WMT",2007
"NLA06608-1281",400,4,1.189,"WMT",2007
"NLA06608-1283",1012,68,46.368,"UMW",2007
"NLA06608-1284",180,5,1.189,"WMT",2007
"NLA06608-1288",619,86,45.216,"CPL",2007
"NLA06608-1292",395,17,7.08,"TPL",2007
"NLA06608-1295",740,138,26.08,"XER",2007
"NLA06608-1297",1235,17,6.056,"XER",2007
"NLA06608-1300",229,5,1.594,"SPL",2007
"NLA06608-1303",2338,817,7.648,"UMW",2007
"NLA06608-1326",854,24,1.68,"UMW",2007
"NLA06608-1329",181,9,0.108,"WMT",2007
"NLA06608-1332",932,148,19.64,"TPL",2007
"NLA06608-1333",166,3,1.344,"NAP",2007
"NLA06608-1334",388,7,3,"UMW",2007
"NLA06608-1336",1136,94,49.86,"SPL",2007
"NLA06608-1338",4316,182,4.088,"NPL",2007
"NLA06608-1339",3372,184,147.6,"SPL",2007
"NLA06608-1342",279,12,3.776,"UMW",2007
"NLA06608-1344",419,27,6.3,"NPL",2007
"NLA06608-1346",125,3,2.164,"SAP",2007
"NLA06608-1347",551,12,5.072,"UMW",2007
"NLA06608-1348",396,5,1.31,"SAP",2007
"NLA06608-1349",804,30,27.2,"CPL",2007
"NLA06608-1354",480,6,3.627,"NPL",2007
"NLA06608-1355",584,5,3.84,"UMW",2007
"NLA06608-1356",416,21,4.924,"SAP",2007
"NLA06608-1358",288,11,7.64,"UMW",2007
"NLA06608-1359",1166,108,34.848,"TPL",2007
"NLA06608-1360",734,60,49.92,"SPL",2007
"NLA06608-1364",2072,213,103.2,"SAP",2007
"NLA06608-1365",257,13,5.36,"NAP",2007
"NLA06608-1367",5338,242,184,"TPL",2007
"NLA06608-1368",1180,110,32.2,"SPL",2007
"NLA06608-1369",679,50,30.08,"SAP",2007
"NLA06608-1370",1063,39,16.16,"UMW",2007
"NLA06608-1372",878,113,62.64,"SPL",2007
"NLA06608-1375",2169,79,63.936,"TPL",2007
"NLA06608-1376",346,18,9.12,"SAP",2007
"NLA06608-1377",101,8,0.867,"WMT",2007
"NLA06608-1380",524,21,2.768,"SPL",2007
"NLA06608-1383",1444,35,21.28,"UMW",2007
"NLA06608-1387",994,25,9.968,"UMW",2007
"NLA06608-1389",2506,86,52.848,"CPL",2007
"NLA06608-1390",553,15,5.589,"UMW",2007
"NLA06608-1391",1360,172,67.968,"NAP",2007
"NLA06608-1396",255,19,5.12,"SAP",2007
"NLA06608-1397",3559,367,210.6,"WMT",2007
"NLA06608-1398",624,24,7.874,"UMW",2007
"NLA06608-1401",494,29,37.296,"SAP",2007
"NLA06608-1403",389,7,1.925,"SPL",2007
"NLA06608-1413",1614,25,49.2,"CPL",2007
"NLA06608-1414",319,17,10.48,"NAP",2007
"NLA06608-1417",251,7,1.989,"XER",2007
"NLA06608-1420",1154,112,13.382,"SPL",2007
"NLA06608-1421",1100,41,75.6,"CPL",2007
"NLA06608-1425",468,22,9.712,"WMT",2007
"NLA06608-1426",557,35,12.368,"WMT",2007
"NLA06608-1432",754,91,5.16,"SPL",2007
"NLA06608-1434",458,5,2.312,"UMW",2007
"NLA06608-1435",1260,50,9.4,"TPL",2007
"NLA06608-1436",478,20,4.72,"SPL",2007
"NLA06608-1439",273,12,3.332,"XER",2007
"NLA06608-1445",5009,2670,16.667,"XER",2007
"NLA06608-1446",228,4,0.779,"WMT",2007
"NLA06608-1447",760,13,5.086,"UMW",2007
"NLA06608-1450",469,10,2.944,"UMW",2007
"NLA06608-1454",2341,125,2.82,"TPL",2007
"NLA06608-1455",429,37,8.8,"WMT",2007
"NLA06608-1460",781,22,4.459,"TPL",2007
"NLA06608-1461",708,47,18.216,"XER",2007
"NLA06608-1462",1404,450,26.8,"NPL",2007
"NLA06608-1465",497,5,5.973,"SAP",2007
"NLA06608-1469",576,112,65.52,"CPL",2007
"NLA06608-1473",181,8,2.007,"WMT",2007
"NLA06608-1476",1891,183,62,"SPL",2007
"NLA06608-1481",135,3,0.489,"WMT",2007
"NLA06608-1482",1099,80,23.52,"CPL",2007
"NLA06608-1483",274,13,4.805,"WMT",2007
"NLA06608-1484",105,11,3.795,"SAP",2007
"NLA06608-1487",1071,61,14.592,"UMW",2007
"NLA06608-1488",3409,160,114.624,"SPL",2007
"NLA06608-1489",721,18,17.94,"WMT",2007
"NLA06608-1492",758,41,40.608,"TPL",2007
"NLA06608-1496",356,16,12.98,"SPL",2007
"NLA06608-1499",483,17,2.907,"UMW",2007
"NLA06608-1504",1199,68,155.077,"SAP",2007
"NLA06608-1508",1680,313,11.744,"SPL",2007
"NLA06608-1510",2440,653,28.48,"NPL",2007
"NLA06608-1511",1446,373,5.24,"TPL",2007
"NLA06608-1515",845,33,11.6,"UMW",2007
"NLA06608-1517",339,14,6.384,"SAP",2007
"NLA06608-1521",1351,113,82.512,"XER",2007
"NLA06608-1524",968,157,7.72,"SPL",2007
"NLA06608-1527",5191,587,381.6,"TPL",2007
"NLA06608-1529",649,55,6.04,"XER",2007
"NLA06608-1532",6203,59,42.66,"TPL",2007
"NLA06608-1537",138,8,2.184,"WMT",2007
"NLA06608-1538",252,1,2.616,"SAP",2007
"NLA06608-1544",2228,69,26.64,"TPL",2007
"NLA06608-1556",474,19,5.387,"TPL",2007
"NLA06608-1558",280,8,2.976,"NAP",2007
"NLA06608-1560",852,42,27.467,"CPL",2007
"NLA06608-1561",263,10,3.235,"SAP",2007
"NLA06608-1562",348,16,2.944,"XER",2007
"NLA06608-1564",1159,161,12.8,"SPL",2007
"NLA06608-1568",760,115,11.491,"SPL",2007
"NLA06608-1569",978,22,19.467,"CPL",2007
"NLA06608-1572",420,26,4.453,"TPL",2007
"NLA06608-1575",2503,215,88.2,"TPL",2007
"NLA06608-1576",1344,255,68.4,"TPL",2007
"NLA06608-1577",484,16,4.32,"WMT",2007
"NLA06608-1578",1062,110,23.36,"NPL",2007
"NLA06608-1579",501,7,2.26,"UMW",2007
"NLA06608-1586",369,7,2.96,"NAP",2007
"NLA06608-1593",746,126,6.336,"WMT",2007
"NLA06608-1595",392,18,5.003,"SPL",2007
"NLA06608-1596",26100,1491,684,"SPL",2007
"NLA06608-1600",1011,63,13.008,"NPL",2007
"NLA06608-1602",474,18,4.245,"WMT",2007
"NLA06608-1608",498,64,31.52,"CPL",2007
"NLA06608-1610",48,3,0.502,"WMT",2007
"NLA06608-1617",239,45,7.248,"WMT",2007
"NLA06608-1623",1231,134,24.16,"CPL",2007
"NLA06608-1626",623,30,14.784,"UMW",2007
"NLA06608-1630",806,57,21.44,"SPL",2007
"NLA06608-1631",1209,130,27.576,"XER",2007
"NLA06608-1633",366,19,1.52,"WMT",2007
"NLA06608-1637",440,32,19.872,"NAP",2007
"NLA06608-1638",50,6,0.23,"WMT",2007
"NLA06608-1640",777,90,23.2,"SAP",2007
"NLA06608-1641",845,185,5.66,"WMT",2007
"NLA06608-1643",488,5,3.168,"UMW",2007
"NLA06608-1652",848,99,57.2,"SAP",2007
"NLA06608-1654",354,6,4.48,"UMW",2007
"NLA06608-1655",12241,896,542.4,"NPL",2007
"NLA06608-1668",269,18,18.72,"SAP",2007
"NLA06608-1672",510,15,100.512,"SPL",2007
"NLA06608-1674",1043,35,2.32,"WMT",2007
"NLA06608-1675",521,16,3.008,"WMT",2007
"NLA06608-1679",366,8,3.12,"UMW",2007
"NLA06608-1684",338,17,22.629,"TPL",2007
"NLA06608-1687",918,441,7.52,"TPL",2007
"NLA06608-1690",317,7,4.632,"UMW",2007
"NLA06608-1695",216,19,2.288,"WMT",2007
"NLA06608-1703",1949,304,32.04,"TPL",2007
"NLA06608-1704",749,42,32.544,"TPL",2007
"NLA06608-1706",563,6,2.315,"UMW",2007
"NLA06608-1707",723,8,3.288,"UMW",2007
"NLA06608-1711",190,12,4.32,"SAP",2007
"NLA06608-1715",582,27,8.8,"SPL",2007
"NLA06608-1717",79,3,0.878,"XER",2007
"NLA06608-1719",8803,441,314.609,"NPL",2007
"NLA06608-1723",3516,1537,2.824,"SPL",2007
"NLA06608-1724",1282,55,55.28,"TPL",2007
"NLA06608-1733",3516,45,167.04,"CPL",2007
"NLA06608-1735",679,60,62,"CPL",2007
"NLA06608-1736",1453,53,38.2,"TPL",2007
"NLA06608-1739",157,7,2.23,"WMT",2007
"NLA06608-1740",949,67,27.132,"TPL",2007
"NLA06608-1741",2156,124,116.4,"CPL",2007
"NLA06608-1742",244,7,3.372,"UMW",2007
"NLA06608-1748",131,4,1.035,"WMT",2007
"NLA06608-1753",267,6,1.064,"WMT",2007
"NLA06608-1755",646,30,12.6,"UMW",2007
"NLA06608-1758",892,8,3.064,"UMW",2007
"NLA06608-1771",603,10,4.032,"UMW",2007
"NLA06608-1775",548,74,23,"SAP",2007
"NLA06608-1781",789,58,14.56,"XER",2007
"NLA06608-1782",606,32,17.44,"UMW",2007
"NLA06608-1789",501,1,1.349,"SAP",2007
"NLA06608-1791",401,5,1.627,"SAP",2007
"NLA06608-1793",139,9,5.448,"WMT",2007
"NLA06608-1800",604,50,43.632,"CPL",2007
"NLA06608-1802",536,18,5.296,"UMW",2007
"NLA06608-1804",699,120,25.47,"SPL",2007
"NLA06608-1930",178,31,1.482,"XER",2007
"NLA06608-1936",788,89,31.4,"TPL",2007
"NLA06608-1808",628,48,24.8,"CPL",2007
"NLA06608-1810",611,69,14.8,"XER",2007
"NLA06608-1811",1558,27,7.573,"NPL",2007
"NLA06608-1812",303,61,13.68,"SAP",2007
"NLA06608-1818",90,7,0.68,"WMT",2007
"NLA06608-1821",2709,255,197,"SAP",2007
"NLA06608-1824",824,56,25.143,"SPL",2007
"NLA06608-1825",839,45,16.2,"CPL",2007
"NLA06608-1835",531,16,2.02,"UMW",2007
"NLA06608-1836",2766,246,115.56,"SPL",2007
"NLA06608-1839",420,20,12.533,"CPL",2007
"NLA06608-1840",1361,216,72,"TPL",2007
"NLA06608-1851",228,23,6.05,"SPL",2007
"NLA06608-1856",3159,1129,5.184,"NPL",2007
"NLA06608-1857",198,1,1.248,"WMT",2007
"NLA06608-1861",1216,75,55.32,"CPL",2007
"NLA06608-1862",1058,520,7.6,"XER",2007
"NLA06608-1863",506,32,61.44,"CPL",2007
"NLA06608-1866",232,11,4.357,"XER",2007
"NLA06608-1867",2091,74,52.704,"UMW",2007
"NLA06608-1868",676,21,9,"SPL",2007
"NLA06608-1871",139,5,3.096,"SAP",2007
"NLA06608-1873",37,1,0.464,"WMT",2007
"NLA06608-1874",374,26,3.56,"WMT",2007
"NLA06608-1879",4075,328,109.662,"TPL",2007
"NLA06608-1884",2334,39,25.44,"TPL",2007
"NLA06608-1893",581,302,6.94,"XER",2007
"NLA06608-1894",162,36,0.446,"WMT",2007
"NLA06608-1906",368,14,2.104,"NAP",2007
"NLA06608-1908",185,10,0.944,"SAP",2007
"NLA06608-1910",830,37,22.24,"UMW",2007
"NLA06608-1948",2981,486,20.88,"SPL",2007
"NLA06608-1953",226,15,9.173,"WMT",2007
"NLA06608-1958",18,10,0.668,"WMT",2007
"NLA06608-1959",1494,493,17.486,"TPL",2007
"NLA06608-1960",403,108,14.848,"TPL",2007
"NLA06608-1968",2076,255,94.933,"NPL",2007
"NLA06608-1975",739,18,4.981,"TPL",2007
"NLA06608-1985",27,3,0.664,"WMT",2007
"NLA06608-1989",658,71,17.12,"XER",2007
"NLA06608-1992",2041,108,104.4,"CPL",2007
"NLA06608-1998",430,13,3.323,"UMW",2007
"NLA06608-2005",1398,276,194.4,"XER",2007
"NLA06608-2007",1331,59,6.72,"TPL",2007
"NLA06608-2010",494,24,14.304,"CPL",2007
"NLA06608-2027",551,49,3.952,"WMT",2007
"NLA06608-2036",278,11,4.408,"TPL",2007
"NLA06608-2037",1190,175,19.2,"XER",2007
"NLA06608-2039",4691,277,338.4,"TPL",2007
"NLA06608-2049",276,5,1.415,"WMT",2007
"NLA06608-2056",2082,572,92.16,"TPL",2007
"NLA06608-2072",1134,78,105.84,"CPL",2007
"NLA06608-2074",1004,72,61.091,"CPL",2007
"NLA06608-2076",124,11,3.59,"SAP",2007
"NLA06608-2078",569,7,8.64,"UMW",2007
"NLA06608-2082",496,17,3.568,"WMT",2007
"NLA06608-2086",276,5,1.592,"NAP",2007
"NLA06608-2087",2859,197,64.512,"TPL",2007
"NLA06608-2091",401,53,20.43,"CPL",2007
"NLA06608-2092",1804,135,84.96,"CPL",2007
"NLA06608-2094",438,35,20.64,"CPL",2007
"NLA06608-2095",316,48,2.888,"XER",2007
"NLA06608-2103",3503,170,8.133,"NPL",2007
"NLA06608-2114",402,1,3.408,"SAP",2007
"NLA06608-2117",5572,169,149.6,"CPL",2007
"NLA06608-2120",869,28,13.472,"SPL",2007
"NLA06608-2123",3009,613,166.629,"TPL",2007
"NLA06608-2131",1820,14,13.44,"NPL",2007
"NLA06608-2134",211,21,6.149,"WMT",2007
"NLA06608-2135",1117,24,15.216,"TPL",2007
"NLA06608-2152",535,29,23.832,"SAP",2007
"NLA06608-2154",1007,112,46.4,"CPL",2007
"NLA06608-2155",644,1,1.464,"UMW",2007
"NLA06608-2162",295,21,3.744,"NAP",2007
"NLA06608-2170",5109,65,3.96,"NPL",2007
"NLA06608-2177",334,3,1.389,"WMT",2007
"NLA06608-2185",188,15,4.2,"XER",2007
"NLA06608-2187",366,20,14.96,"SAP",2007
"NLA06608-2193",294,15,1.664,"WMT",2007
"NLA06608-2196",407,15,3.376,"SAP",2007
"NLA06608-2217",300,9,2.787,"WMT",2007
"NLA06608-2219",634,33,20.52,"UMW",2007
"NLA06608-2241",256,9,1.128,"WMT",2007
"NLA06608-2250",140,11,0.701,"WMT",2007
"NLA06608-2253",3591,86,30.08,"CPL",2007
"NLA06608-2257",214,6,1.911,"WMT",2007
"NLA06608-2266",350,21,1.624,"NPL",2007
"NLA06608-2267",793,25,8.5,"UMW",2007
"NLA06608-2283",559,7,3.426,"UMW",2007
"NLA06608-2305",329,9,6.537,"WMT",2007
"NLA06608-2322",388,31,3.568,"XER",2007
"NLA06608-2332",779,318,14.288,"SPL",2007
"NLA06608-2333",2311,75,68.88,"CPL",2007
"NLA06608-2345",391,15,3.04,"XER",2007
"NLA06608-2354",331,12,7.776,"NAP",2007
"NLA06608-2372",439,54,4.837,"XER",2007
"NLA06608-2379",2076,12,1.416,"XER",2007
"NLA06608-2418",366,35,24.32,"NAP",2007
"NLA06608-2426",25663,1697,69.6,"NPL",2007
"NLA06608-2429",133,9,2.448,"XER",2007
"NLA06608-2438",1674,636,4.64,"XER",2007
"NLA06608-2450",148,3,0.904,"WMT",2007
"NLA06608-2453",765,283,4.593,"XER",2007
"NLA06608-2457",314,16,3.688,"WMT",2007
"NLA06608-2463",183,6,1.576,"XER",2007
"NLA06608-2477",1238,32,1.832,"XER",2007
"NLA06608-2481",421,36,0.952,"WMT",2007
"NLA06608-2492",337,33,19.36,"CPL",2007
"NLA06608-2497",868,64,20.914,"WMT",2007
"NLA06608-2507",1101,34,38.016,"TPL",2007
"NLA06608-2513",259,5,3.541,"WMT",2007
"NLA06608-2523",1259,56,13.5,"UMW",2007
"NLA06608-2524",580,33,41.904,"CPL",2007
"NLA06608-2565",410,19,7.096,"CPL",2007
"NLA06608-2566",376,9,4.432,"NAP",2007
"NLA06608-2593",1337,41,38.2,"CPL",2007
"NLA06608-2629",1188,66,27.16,"CPL",2007
"NLA06608-2634",278,16,1.17,"WMT",2007
"NLA06608-2640",1113,48,25.12,"SPL",2007
"NLA06608-2644",1240,121,4.427,"TPL",2007
"NLA06608-2655",2286,102,29.457,"XER",2007
"NLA06608-2657",488,6,20.6,"CPL",2007
"NLA06608-2663",561,13,2.032,"CPL",2007
"NLA06608-2673",423,72,1.331,"WMT",2007
"NLA06608-2685",169,7,2.432,"WMT",2007
"NLA06608-2696",733,75,41.76,"SPL",2007
"NLA06608-2704",1672,105,25.88,"SPL",2007
"NLA06608-2708",388,12,5.16,"SAP",2007
"NLA06608-2831",738,107,37.6,"SAP",2007
"NLA06608-2833",640,16,3.061,"XER",2007
"NLA06608-2714",216,8,9.067,"WMT",2007
"NLA06608-2715",369,36,4.752,"SPL",2007
"NLA06608-2726",191,5,1.179,"WMT",2007
"NLA06608-2740",359,121,11.368,"SPL",2007
"NLA06608-2753",1496,16,3.392,"XER",2007
"NLA06608-2759",206,9,1.116,"SPL",2007
"NLA06608-2776",1144,36,13.856,"SPL",2007
"NLA06608-2779",713,21,6,"UMW",2007
"NLA06608-2797",664,24,2.016,"XER",2007
"NLA06608-2800",235,11,2.411,"NPL",2007
"NLA06608-2801",339,36,6.816,"XER",2007
"NLA06608-2807",660,32,NA,"SPL",2007
"NLA06608-2823",751,31,24.32,"CPL",2007
"NLA06608-2824",794,208,25.28,"SPL",2007
"NLA06608-2874",487,76,3.94,"NPL",2007
"NLA06608-2881",50,1,0.886,"WMT",2007
"NLA06608-2889",1476,577,1.772,"XER",2007
"NLA06608-2891",790,8,7.2,"UMW",2007
"NLA06608-2916",324,15,1.984,"TPL",2007
"NLA06608-2924",693,13,12.64,"SPL",2007
"NLA06608-2954",7684,876,136.656,"XER",2007
"NLA06608-2955",513,58,32.976,"SAP",2007
"NLA06608-2972",5350,347,145,"SPL",2007
"NLA06608-2987",1336,29,15.184,"UMW",2007
"NLA06608-2996",1440,130,16.64,"SPL",2007
"NLA06608-3121",455,46,14.64,"WMT",2007
"NLA06608-3147",999,46,37.656,"UMW",2007
"NLA06608-3153",116,1,1.499,"WMT",2007
"NLA06608-3032",1543,94,44.928,"SPL",2007
"NLA06608-3035",738,7,3.251,"UMW",2007
"NLA06608-3083",685,96,20.64,"CPL",2007
"NLA06608-3096",559,17,9.867,"CPL",2007
"NLA06608-3157",70,8,2.208,"WMT",2007
"NLA06608-3160",2655,237,271.44,"TPL",2007
"NLA06608-3169",1200,105,54.432,"CPL",2007
"NLA06608-3228",658,74,8.704,"SPL",2007
"NLA06608-3265",338,7,1.768,"WMT",2007
"NLA06608-3303",1535,81,35.424,"SPL",2007
"NLA06608-3313",316,41,7.728,"XER",2007
"NLA06608-3320",612,88,19.067,"SAP",2007
"NLA06608-3329",374,10,3.704,"WMT",2007
"NLA06608-3480",1612,88,38.88,"SPL",2007
"NLA06608-3484",4319,180,83.5,"SPL",2007
"NLA06608-3608",1821,191,52.848,"TPL",2007
"NLA06608-3616",455,15,1.688,"SPL",2007
"NLA06608-3644",2063,58,19.2,"SPL",2007
"NLA06608-3656",5813,471,428,"SPL",2007
"NLA06608-3660",2263,1329,5.25,"SPL",2007
"NLA06608-3698",300,6,4.592,"NAP",2007
"NLA06608-3846",110,3,0.896,"NAP",2007
"NLA06608-3890",98,1,2.768,"NAP",2007
"NLA06608-3911",643,43,29.12,"CPL",2007
"NLA06608-4056",651,75,8.08,"SPL",2007
"NLA06608-4064",770,47,10.187,"SPL",2007
"NLA06608-4206",1627,61,66.96,"SPL",2007
"NLA06608-4320",1871,177,2.504,"SPL",2007
"NLA06608-4252",188,1,1.472,"NAP",2007
"NLA06608-4382",571,35,12.08,"SPL",2007
"NLA06608-4413",251,8,2.56,"NAP",2007
"NLA06608-4414",480,38,12.1,"SAP",2007
"NLA06608-4440",803,38,34.2,"SPL",2007
"NLA06608-4472",816,282,29.4,"SPL",2007
"NLA06608-4504",680,32,18.514,"SPL",2007
"NLA06608-4610",426,22,5.383,"SPL",2007
"NLA06608-4643",557,19,13.834,"SPL",2007
"NLA06608-4650",681,43,26.08,"CPL",2007
"NLA06608-4659",1247,90,76.32,"SPL",2007
"NLA06608-4686",446,84,16.8,"CPL",2007
"NLA06608-4698",1333,142,104.4,"CPL",2007
"NLA06608-4828",421,24,4.617,"SPL",2007
"NLA06608-4929",954,121,38.304,"SAP",2007
"NLA06608-4949",623,82,NA,"TPL",2007
"NLA06608-9999",149,1,1.024,"NAP",2007
"NLA06608-ACAD_LAKES_0435",151,10,1.04,"NAP",2007
"NLA06608-ALPS-1218",414,14,1.085,"NAP",2007
"NLA06608-ALSC:020149",191,5,3.269,"NAP",2007
"NLA06608-ELS:1C2-032",264,11,14.184,"NAP",2007
"NLA06608-ELS:1C3-003",256,9,2.72,"NAP",2007
"NLA06608-ELS:1D1-035",444,23,31.36,"CPL",2007
"NLA06608-ELS:1D2-087",532,35,16.8,"CPL",2007
"NLA06608-ELS:1E1-052",130,10,1.672,"NAP",2007
"NLA06608-ELS:1E1-096",236,9,2.912,"NAP",2007
"NLA06608-ELS:1E1-128",394,8,3.152,"NAP",2007
"NLA06608-ELS:1E2-027",629,28,7.936,"NAP",2007
"NLA06608-ELS:1E3-002",731,14,11.408,"NAP",2007
"NLA06608-ELS:1E3-012",161,4,1.168,"NAP",2007
"NLA06608-ELS:1E3-071",807,17,4.816,"NAP",2007
"NLA06608-ELS:2B2-008",299,8,3.968,"UMW",2007
"NLA06608-ELS:2C2-048",593,8,5.64,"UMW",2007
"NLA06608-ELS:2C3-018",328,10,5.448,"UMW",2007
"NLA06608-ELS:2D3-008",722,13,1.113,"UMW",2007
"NLA06608-EMAP:ME011L",246,13,4.347,"NAP",2007
"NLA06608-EMAP:ME012L",129,1,0.688,"NAP",2007
"NLA06608-EMAP:ME254L",204,5,1.749,"NAP",2007
"NLA06608-EMAP:ME263L",314,11,1.84,"NAP",2007
"NLA06608-EMAP:ME518L",156,7,2.056,"NAP",2007
"NLA06608-FL:107895579",985,33,10.528,"CPL",2007
"NLA06608-FL:16674741",98,8,1.543,"CPL",2007
"NLA06608-FL:18261987",474,20,5.28,"CPL",2007
"NLA06608-FL:99324403",801,24,18.72,"CPL",2007
"NLA06608-FL:99344895",1531,166,15.886,"CPL",2007
"NLA06608-IN:646",2089,4,1.012,"UMW",2007
"NLA06608-MI:7007",828,9,2.747,"UMW",2007
"NLA06608-MN:03-0029",779,9,2.666,"UMW",2007
"NLA06608-MN:06-0002",2475,271,42.264,"TPL",2007
"NLA06608-MN:11-0102",447,9,2.467,"UMW",2007
"NLA06608-MN:15-0010",529,9,2.867,"UMW",2007
"NLA06608-MN:22-0074",1175,62,47.952,"TPL",2007
"NLA06608-MN:49-0140",595,7,1.212,"UMW",2007
"NLA06608-MN:51-0063",1174,140,25.12,"TPL",2007
"NLA06608-MN:56-0306",540,8,5.387,"UMW",2007
"NLA06608-MN:61-0037",835,19,7,"UMW",2007
"NLA06608-MN:74-0023",880,34,13.536,"TPL",2007
"NLA06608-MN:75-0200",2647,446,15.429,"TPL",2007
"NLA06608-MN:77-0019",1065,17,12.78,"UMW",2007
"NLA06608-MN:87-0030",1987,82,40.032,"TPL",2007
"NLA06608-NELP-0253",183,4,1.035,"NAP",2007
"NLA06608-NELP-0955",118,1,0.824,"NAP",2007
"NLA06608-NELP-1041",286,9,5.312,"NAP",2007
"NLA06608-NELP-1330",168,1,0.816,"NAP",2007
"NLA06608-NELP-2155",146,1,0.728,"NAP",2007
"NLA06608-NELP-3355",216,4,0.888,"NAP",2007
"NLA06608-NELP-3586",138,3,1.083,"NAP",2007
"NLA06608-NH250L",292,12,3.992,"NAP",2007
"NLA06608-NH4912",177,4,0.779,"NAP",2007
"NLA06608-NV:2",124,11,1.288,"XER",2007
"NLA06608-NV:3",223,7,3.416,"XER",2007
"NLA06608-NV:4",3225,154,28,"XER",2007
"NLA06608-OH:19",500,17,5.888,"TPL",2007
"NLA06608-OH:22",244,3,0.996,"TPL",2007
"NLA06608-R10BULLTR",88,3,0.696,"WMT",2007
"NLA06608-R10CAPEHO",318,10,0.676,"WMT",2007
"NLA06608-R10CHARLT",136,1,0.199,"WMT",2007
"NLA06608-R10COUNCI",39,1,0.684,"WMT",2007
"NLA06608-R10DEERLA",191,4,0.652,"WMT",2007
"NLA06608-R10FISHLA",279,13,7.787,"XER",2007
"NLA06608-R10FOURMI",143,4,2.736,"WMT",2007
"NLA06608-R10RAINYL",56,3,0.532,"WMT",2007
"NLA06608-R10SQUAWL",150,4,0.656,"WMT",2007
"NLA06608-R10ULAKE",312,10,6.04,"WMT",2007
"NLA06608-R10YELLOW",36,3,0.378,"WMT",2007
"NLA06608-R31",1103,8,2.872,"SAP",2007
"NLA06608-R314",230,11,3.968,"SAP",2007
"NLA06608-R315",101,4,2.48,"SAP",2007
"NLA06608-R318",235,8,5.344,"SAP",2007
"NLA06608-R319",531,37,12.112,"CPL",2007
"NLA06608-R32",505,3,1.68,"SAP",2007
"NLA06608-R322",219,7,2.032,"SAP",2007
"NLA06608-R323",629,26,15.96,"CPL",2007
"NLA06608-R324",366,6,4.672,"CPL",2007
"NLA06608-R326",740,31,27.52,"CPL",2007
"NLA06608-R328",277,9,2.24,"SAP",2007
"NLA06608-R333",366,22,8.48,"CPL",2007
"NLA06608-R334",311,12,8.48,"SAP",2007
"NLA06608-R336",169,4,12,"SAP",2007
"NLA06608-R34",309,3,2.51,"SAP",2007
"NLA06608-R5:KATHRYN",405,7,4.096,"UMW",2007
"NLA06608-R5:OTTAWA",148,3,1.048,"UMW",2007
"NLA06608-R7101",6880,363,118.4,"SPL",2007
"NLA06608-R7103",9359,839,77.2,"SPL",2007
"NLA06608-R7104",4166,1719,112.464,"SPL",2007
"NLA06608-R7106",1281,318,30.672,"TPL",2007
"NLA06608-R715",1205,54,70.272,"TPL",2007
"NLA06608-R716",544,23,15.008,"TPL",2007
"NLA06608-R723",380,20,13.872,"TPL",2007
"NLA06608-R728",333,19,21.28,"TPL",2007
"NLA06608-R730",513,37,16.32,"TPL",2007
"NLA06608-R733",637,62,14.256,"TPL",2007
"NLA06608-R736",389,26,11.04,"TPL",2007
"NLA06608-R746",408,37,17.28,"TPL",2007
"NLA06608-R750",983,80,35.856,"TPL",2007
"NLA06608-R759",611,17,4.784,"SPL",2007
"NLA06608-R764",350,14,7.984,"SPL",2007
"NLA06608-R767",203,10,0.79,"SAP",2007
"NLA06608-R769",316,8,1.494,"SAP",2007
"NLA06608-R770",223,5,2.704,"SAP",2007
"NLA06608-R772",351,16,7.6,"SAP",2007
"NLA06608-R775",326,10,5.36,"SAP",2007
"NLA06608-R784",789,31,6.752,"SPL",2007
"NLA06608-R788",3172,650,7.28,"SPL",2007
"NLA06608-R791",25638,2147,101.25,"SPL",2007
"NLA06608-R792",8647,393,143.6,"SPL",2007
"NLA06608-R796",7925,495,99.52,"SPL",2007
"NLA06608-TX:10",767,63,33.552,"SPL",2007
"NLA06608-TX:14",468,16,8.16,"SPL",2007
"NLA06608-TX:15",484,14,3.627,"SPL",2007
"NLA06608-TX:19",1069,72,8.427,"CPL",2007
"NLA06608-TX:22",258,11,109.833,"CPL",2007
"NLA06608-TX:27",933,69,12.576,"SPL",2007
"NLA06608-TX:29",308,8,3.893,"SPL",2007
"NLA06608-TX:30",1433,181,80.1,"CPL",2007
"NLA06608-TX:5",683,74,15.12,"SPL",2007
"NLA06608-WI:LOWES",1566,67,149.04,"TPL",2007
"NLA06608-WI:SY",905,49,32.904,"TPL",2007
"NLA2012-AL-101",505,30,18,"SAP",2012
"NLA2012-AL-102",389,12,10,"SAP",2012
"NLA2012-AL-103",449,56,32,"SAP",2012
"NLA2012-AL-104",344,37,8.94545454545455,"CPL",2012
"NLA2012-AL-105",1850,106,144.8,"CPL",2012
"NLA2012-AL-112",379,33,9.38666666666667,"CPL",2012
"NLA2012-AL-113",248,27,1.27,"CPL",2012
"NLA2012-AL-114",510,62,17.5,"SAP",2012
"NLA2012-AL-R03",126,31,5.968,"SAP",2012
"NLA2012-AL-R05",326,24,6.088,"CPL",2012
"NLA2012-AR-101",920,88,52.4,"CPL",2012
"NLA2012-AR-102",1536,151,74,"CPL",2012
"NLA2012-AR-103",311,15,4.944,"SAP",2012
"NLA2012-AR-104",175,30,6.624,"SAP",2012
"NLA2012-AR-105",476,34,6.496,"CPL",2012
"NLA2012-AR-106",1385,107,59.2,"SAP",2012
"NLA2012-AR-109",656,39,10.32,"CPL",2012
"NLA2012-AR-111",744,121,23.8933333333333,"CPL",2012
"NLA2012-AZ-101",321,40,3.228,"XER",2012
"NLA2012-AZ-102",2045,631,32.3,"WMT",2012
"NLA2012-AZ-103",1055,259,15.34,"WMT",2012
"NLA2012-AZ-106",571,37,5.244,"XER",2012
"NLA2012-AZ-107",628,234,10.42,"XER",2012
"NLA2012-AZ-118",483,38,1.3,"XER",2012
"NLA2012-AZ-123",4094,392,253.8,"XER",2012
"NLA2012-AZ-127",554,147,13.056,"WMT",2012
"NLA2012-AZ-130",278,57,8.58666666666667,"XER",2012
"NLA2012-AZ-140",571,38,6.45333333333333,"XER",2012
"NLA2012-AZ-143",1201,75,13.5111111111111,"WMT",2012
"NLA2012-AZ-145",1775,244,39.2,"WMT",2012
"NLA2012-AZ-157",3888,882,241.2,"WMT",2012
"NLA2012-AZ-R01",252,11,3.3075,"WMT",2012
"NLA2012-AZ-R02",760,79,8.52,"WMT",2012
"NLA2012-CA-R01",174,31,0.636,"WMT",2012
"NLA2012-CA-R02",140,40,1.508,"WMT",2012
"NLA2012-CA-R03",121,16,5.04,"XER",2012
"NLA2012-CA-R05",68,6,0.592,"WMT",2012
"NLA2012-CA-R06",294,33,0.650666666666667,"WMT",2012
"NLA2012-CA-R09",150,14,0.422,"WMT",2012
"NLA2012-CA-R10",289,59,1.944,"WMT",2012
"NLA2012-CA-R12",281,10,0.0664,"WMT",2012
"NLA2012-CA-R13",74,11,0.493,"WMT",2012
"NLA2012-CO -105",1079,114,101.3,NA,2012
"NLA2012-CO-101",3058,76,12.6666666666667,"SPL",2012
"NLA2012-CO-102",135,29,0.92,"WMT",2012
"NLA2012-CO-103",331,17,4.768,"SPL",2012
"NLA2012-CO-104",6200,435,218,"SPL",2012
"NLA2012-CO-106",235,15,2.2,"SPL",2012
"NLA2012-CO-107",104,16,1.224,"WMT",2012
"NLA2012-CO-108",71,25,0.370666666666667,"WMT",2012
"NLA2012-CO-109",215,16,5.993,"WMT",2012
"NLA2012-CO-110",824,43,15.62,"SPL",2012
"NLA2012-CO-111",140,26,3.51333333333333,"SPL",2012
"NLA2012-CO-114",345,37,5.8,"WMT",2012
"NLA2012-CO-115",244,14,3.04,"WMT",2012
"NLA2012-CO-117",538,33,6.10285714285714,"WMT",2012
"NLA2012-CO-119",398,5,1.16,"WMT",2012
"NLA2012-CO-121",255,84,3.94666666666667,"WMT",2012
"NLA2012-CO-124",1480,110,0.525,"SPL",2012
"NLA2012-CO-125",61,11,1.264,"WMT",2012
"NLA2012-CO-127",936,712,97.2,"SPL",2012
"NLA2012-CO-129",744,45,3.104,"SPL",2012
"NLA2012-CO-130",185,9,5.18769230769231,"WMT",2012
"NLA2012-CO-131",314,48,1.76285714285714,"XER",2012
"NLA2012-CO-133",90,14,1.104,"WMT",2012
"NLA2012-CO-R01",116,36,1.372,"WMT",2012
"NLA2012-CO-R04",118,20,2.29333333333333,"WMT",2012
"NLA2012-CO-R07",265,120,2.116,"WMT",2012
"NLA2012-CO-R10",666,28,5.136,"WMT",2012
"NLA2012-CT-101",216,19,3.664,"NAP",2012
"NLA2012-CT-102",176,7,1.52,"NAP",2012
"NLA2012-CT-103",205,19,2.324,"NAP",2012
"NLA2012-CT-104",825,48,28.404,"NAP",2012
"NLA2012-CT-105",762,69,26.08,"NAP",2012
"NLA2012-CT-107",244,18,4.27733333333333,"NAP",2012
"NLA2012-CT-108",311,28,7.84,"NAP",2012
"NLA2012-CT-115",238,10,3.432,"NAP",2012
"NLA2012-CT-118",255,5,2.112,"NAP",2012
"NLA2012-CT-126",278,15,2.82,"NAP",2012
"NLA2012-DE-101",1296,129,92.8,"CPL",2012
"NLA2012-DE-102",1495,227,78,"CPL",2012
"NLA2012-DE-103",922,81,12.72,"CPL",2012
"NLA2012-DE-104",2730,182,45.12,"CPL",2012
"NLA2012-DE-105",6219,16,3.056,"CPL",2012
"NLA2012-DE-107",722,30,8.48,"CPL",2012
"NLA2012-DE-121",2185,191,15.472,"CPL",2012
"NLA2012-FL-101",1249,147,10.36,"CPL",2012
"NLA2012-FL-102",1511,43,23.52,"CPL",2012
"NLA2012-FL-103",4763,132,80.9,"CPL",2012
"NLA2012-FL-104",820,25,16.32,"CPL",2012
"NLA2012-FL-105",2853,81,88.8,"CPL",2012
"NLA2012-FL-106",519,46,3.144,"CPL",2012
"NLA2012-FL-107",546,9,2.3776,"CPL",2012
"NLA2012-FL-108",854,70,34.4888888888889,"CPL",2012
"NLA2012-FL-109",1421,77,34.64,"CPL",2012
"NLA2012-FL-110",494,23,11.2266666666667,"CPL",2012
"NLA2012-FL-114",761,20,4.18461538461538,"CPL",2012
"NLA2012-FL-123",260,7,1.952,"CPL",2012
"NLA2012-FL-126",1279,50,11.3066666666667,"CPL",2012
"NLA2012-FL-130",874,58,10.9,"CPL",2012
"NLA2012-FL-132",2820,83,34.572,"CPL",2012
"NLA2012-FL-141",321,27,17.2571428571429,"CPL",2012
"NLA2012-FL-R04",1078,48,5.15555555555556,"CPL",2012
"NLA2012-FL-R06",596,35,2.125,"CPL",2012
"NLA2012-GA-101",1032,112,6.896,"CPL",2012
"NLA2012-GA-102",425,157,58.4,"CPL",2012
"NLA2012-GA-103",330,37,24.48,"CPL",2012
"NLA2012-GA-104",221,15,5.024,"SAP",2012
"NLA2012-GA-105",72,19,0.9328,"SAP",2012
"NLA2012-GA-107",1674,76,121.2,"CPL",2012
"NLA2012-GA-111",626,46,32.52,"CPL",2012
"NLA2012-GA-112",322,32,3.568,"SAP",2012
"NLA2012-GA-114",629,39,10.608,"CPL",2012
"NLA2012-GA-118",119,14,1.35,"SAP",2012
"NLA2012-GA-127",1145,36,21.8,"CPL",2012
"NLA2012-GA-R01",231,28,5.64571428571429,"SAP",2012
"NLA2012-GA-R11",2414,81,3.216,"CPL",2012
"NLA2012-IA-101",2234,144,79.8,"TPL",2012
"NLA2012-IA-102",1800,684,88,"TPL",2012
"NLA2012-IA-103",401,18,4.12,"TPL",2012
"NLA2012-IA-104",699,22,4.8,"TPL",2012
"NLA2012-IA-105",3050,193,91.9,"TPL",2012
"NLA2012-IA-106",1271,241,87.7,"TPL",2012
"NLA2012-IA-107",4738,493,104,"TPL",2012
"NLA2012-IA-109",762,59,5.26857142857143,"TPL",2012
"NLA2012-IA-113",696,33,15.9,"TPL",2012
"NLA2012-IA-120",958,191,6.61333333333333,"TPL",2012
"NLA2012-IA-127",860,50,14.3466666666667,"TPL",2012
"NLA2012-IA-132",2401,240,91.2,"TPL",2012
"NLA2012-IA-134",1354,175,86,"TPL",2012
"NLA2012-IA-150",2034,62,72.8,"TPL",2012
"NLA2012-IA-152",1418,240,62.4,"TPL",2012
"NLA2012-IA-R01",622,46,21.92,"TPL",2012
"NLA2012-IA-R02",2245,208,135.2,"TPL",2012
"NLA2012-IA-R03",480,16,2.176,"TPL",2012
"NLA2012-ID-101",140,56,1.168,"WMT",2012
"NLA2012-ID-102",173,29,1.432,"WMT",2012
"NLA2012-ID-103",196,35,3.56266666666667,"WMT",2012
"NLA2012-ID-104",1636,147,81.12,"XER",2012
"NLA2012-ID-105",478,29,2.824,"WMT",2012
"NLA2012-ID-107",895,383,3.024,"XER",2012
"NLA2012-ID-108",95,22,1.152,"WMT",2012
"NLA2012-ID-109",230,41,18.88,"XER",2012
"NLA2012-ID-110",954,44,4.88,"XER",2012
"NLA2012-ID-111",465,84,12.24,"XER",2012
"NLA2012-ID-112",256,41,2.024,"WMT",2012
"NLA2012-ID-113",329,34,3.73,"WMT",2012
"NLA2012-ID-121",149,65,2.34,"WMT",2012
"NLA2012-ID-122",1040,82,45.68,"XER",2012
"NLA2012-ID-141",125,36,1.264,"WMT",2012
"NLA2012-ID-142",53,15,0.112685714285714,"WMT",2012
"NLA2012-ID-143",720,68,5.76,"XER",2012
"NLA2012-ID-145",29,23,0.441142857142857,"WMT",2012
"NLA2012-ID-148",302,77,5.54666666666667,"XER",2012
"NLA2012-ID-149",1047,85,26.72,"WMT",2012
"NLA2012-ID-151",7844,705,764.64,"XER",2012
"NLA2012-ID-158",33,9,0.248171428571429,"WMT",2012
"NLA2012-ID-165",1536,118,4.056,"WMT",2012
"NLA2012-ID-166",665,58,2.456,"XER",2012
"NLA2012-ID-168",102,17,1.296,"WMT",2012
"NLA2012-ID-175",552,201,24.48,"XER",2012
"NLA2012-ID-180",96,22,1.156,"WMT",2012
"NLA2012-ID-194",471,93,31.36,"XER",2012
"NLA2012-ID-198",696,79,22.56,"XER",2012
"NLA2012-ID-203",1369,175,22.2933333333333,"WMT",2012
"NLA2012-ID-205",372,75,2.144,"WMT",2012
"NLA2012-ID-207",235,43,5.448,"WMT",2012
"NLA2012-ID-209",104,41,0.424,"WMT",2012
"NLA2012-ID-210",51,9,0.384,"WMT",2012
"NLA2012-ID-214",290,134,8.72,"XER",2012
"NLA2012-ID-215",38,13,0.717714285714286,"WMT",2012
"NLA2012-ID-216",1760,275,86.56,"XER",2012
"NLA2012-ID-218",109,37,2.04,"WMT",2012
"NLA2012-ID-220",139,53,1.13066666666667,"WMT",2012
"NLA2012-ID-221",785,47,6.08,"WMT",2012
"NLA2012-IL-103",1132,68,30.08,"TPL",2012
"NLA2012-IL-104",731,17,6.16,"TPL",2012
"NLA2012-IL-105",602,28,12.3733333333333,"TPL",2012
"NLA2012-IL-106",1188,62,59.36,"TPL",2012
"NLA2012-IL-109",705,45,33.92,"TPL",2012
"NLA2012-IL-110",520,24,4.53333333333333,"TPL",2012
"NLA2012-IL-111",986,89,59.36,"TPL",2012
"NLA2012-IL-112",1350,69,24.8,"TPL",2012
"NLA2012-IL-114",348,13,2.8768,"TPL",2012
"NLA2012-IL-116",1610,64,0.220699300699301,"TPL",2012
"NLA2012-IL-118",1136,91,57.28,"TPL",2012
"NLA2012-IL-120",1198,109,48.64,"TPL",2012
"NLA2012-IL-123",4606,384,234.4,"TPL",2012
"NLA2012-IL-R01",261,21,2.272,"SAP",2012
"NLA2012-IL-R03",409,24,4.976,"SAP",2012
"NLA2012-IL-R04",321,18,9.84,"SAP",2012
"NLA2012-IN-101",568,20,3.46666666666667,"TPL",2012
"NLA2012-IN-102",578,37,4.272,"UMW",2012
"NLA2012-IN-103",1304,65,27.5733333333333,"TPL",2012
"NLA2012-IN-104",621,40,16.24,"TPL",2012
"NLA2012-IN-105",890,40,15.2,"TPL",2012
"NLA2012-IN-106",614,29,8.48,"UMW",2012
"NLA2012-IN-108",1051,58,17.2,"UMW",2012
"NLA2012-IN-110",630,21,6.18666666666667,"UMW",2012
"NLA2012-IN-111",1359,46,38.4,"TPL",2012
"NLA2012-IN-112",765,59,33.12,"TPL",2012
"NLA2012-IN-113",558,16,2.81379310344828,"UMW",2012
"NLA2012-IN-115",376,27,14.13,"SAP",2012
"NLA2012-IN-116",556,16,1.944,"SAP",2012
"NLA2012-IN-117",1234,9,4.284,"TPL",2012
"NLA2012-IN-120",732,44,21.7,"UMW",2012
"NLA2012-IN-126",852,84,26.88,"TPL",2012
"NLA2012-IN-127",840,53,32.48,"SAP",2012
"NLA2012-IN-128",616,32,4.08,"UMW",2012
"NLA2012-IN-130",428,19,5.89333333333333,"SAP",2012
"NLA2012-IN-131",305,8,0.908,"TPL",2012
"NLA2012-IN-134",1190,38,18.24,"TPL",2012
"NLA2012-IN-135",298,31,3.56,"TPL",2012
"NLA2012-IN-142",1524,125,12.48,"TPL",2012
"NLA2012-IN-144",836,31,7.4,"UMW",2012
"NLA2012-IN-145",1416,107,77.76,"UMW",2012
"NLA2012-IN-146",285,24,2.56,"SAP",2012
"NLA2012-IN-147",2256,411,72,"TPL",2012
"NLA2012-IN-149",758,51,12.88,"UMW",2012
"NLA2012-IN-155",389,13,3.25333333333333,"TPL",2012
"NLA2012-IN-159",1308,148,60.912,"TPL",2012
"NLA2012-IN-160",802,17,6.056,"UMW",2012
"NLA2012-IN-162",529,39,16.32,"TPL",2012
"NLA2012-IN-163",997,76,35.6,"TPL",2012
"NLA2012-IN-164",650,18,2.309,"UMW",2012
"NLA2012-IN-166",1280,112,22.72,"TPL",2012
"NLA2012-IN-171",340,33,11.952,"SAP",2012
"NLA2012-IN-172",1116,11,2.16,"UMW",2012
"NLA2012-IN-174",468,17,3.204,"TPL",2012
"NLA2012-IN-179",6600,962,171,"TPL",2012
"NLA2012-IN-180",618,49,13.44,"TPL",2012
"NLA2012-IN-183",1545,416,12.976,"TPL",2012
"NLA2012-IN-185",771,64,30,"UMW",2012
"NLA2012-IN-186",484,15,2.736,"UMW",2012
"NLA2012-IN-187",285,11,5.04,"TPL",2012
"NLA2012-IN-191",1943,147,56.1,"TPL",2012
"NLA2012-IN-193",350,9,5.104,"TPL",2012
"NLA2012-IN-196",592,17,4.16571428571429,"UMW",2012
"NLA2012-IN-199",536,31,4.18,"UMW",2012
"NLA2012-IN-201",2590,63,24.48,"TPL",2012
"NLA2012-IN-202",955,50,10.88,"TPL",2012
"NLA2012-KS-101",2002,801,6.43333333333333,"SPL",2012
"NLA2012-KS-102",885,53,8.56470588235294,"SPL",2012
"NLA2012-KS-103",504,28,12.5935483870968,"TPL",2012
"NLA2012-KS-105",1409,190,44.4,"SPL",2012
"NLA2012-KS-106",1024,95,29.3333333333333,"SPL",2012
"NLA2012-KS-107",368,28,7.58620689655172,"TPL",2012
"NLA2012-KS-108",1194,261,50.4,"TPL",2012
"NLA2012-KS-109",628,47,9.92,"TPL",2012
"NLA2012-KS-121",643,68,21.7142857142857,"TPL",2012
"NLA2012-KS-122",534,60,20,"SPL",2012
"NLA2012-KS-124",677,103,19.71,"TPL",2012
"NLA2012-KS-125",309,16,3.06666666666667,"TPL",2012
"NLA2012-KS-126",2130,455,6.336,"TPL",2012
"NLA2012-KS-130",967,45,14.688,"TPL",2012
"NLA2012-KS-138",329,12,3.58857142857143,"SPL",2012
"NLA2012-KS-R01",588,46,15.408,NA,2012
"NLA2012-KS-R02",650,47,10.576,"TPL",2012
"NLA2012-KS-R07",775,71,24.64,"TPL",2012
"NLA2012-KS-R08",606,37,16.16,"TPL",2012
"NLA2012-KS-R11",328,25,3.896,"SPL",2012
"NLA2012-KY-101",136,16,1.16,"SAP",2012
"NLA2012-KY-102",379,25,13.376,"SAP",2012
"NLA2012-KY-104",2498,483,133.14,"CPL",2012
"NLA2012-KY-107",822,50,44.2666666666667,"SAP",2012
"NLA2012-KY-114",1372,25,10.8,"TPL",2012
"NLA2012-KY-116",415,26,2.59333333333333,"TPL",2012
"NLA2012-KY-117",775,75,22.56,"SAP",2012
"NLA2012-KY-120",1254,158,78.3333333333333,"CPL",2012
"NLA2012-KY-122",1030,95,48.5454545454545,"SAP",2012
"NLA2012-LA-101",1453,361,100.533333333333,"CPL",2012
"NLA2012-LA-102",538,112,11.664,"CPL",2012
"NLA2012-LA-103",708,215,7.82,"CPL",2012
"NLA2012-LA-104",691,66,16.16,"CPL",2012
"NLA2012-LA-105",358,68,12.096,"CPL",2012
"NLA2012-LA-106",1694,109,44,"CPL",2012
"NLA2012-LA-109",1380,397,51.6,"CPL",2012
"NLA2012-LA-134",795,198,8.72,"CPL",2012
"NLA2012-LA-141",9500,3085,426,"CPL",2012
"NLA2012-LA-152",708,45,47.1,"CPL",2012
"NLA2012-LA-154",6544,1054,250,"CPL",2012
"NLA2012-LA-155",352,23,5.26666666666667,"CPL",2012
"NLA2012-LA-161",615,55,13.648,"CPL",2012
"NLA2012-LA-172",1948,427,74,"CPL",2012
"NLA2012-MA-101",224,36,15.5,"CPL",2012
"NLA2012-MA-102",388,14,2.15466666666667,"NAP",2012
"NLA2012-MA-103",395,15,4.68,"NAP",2012
"NLA2012-MA-104",739,25,33.76,"NAP",2012
"NLA2012-MA-105",325,24,6.34,"NAP",2012
"NLA2012-MA-106",278,13,5.27384615384615,"NAP",2012
"NLA2012-MA-108",474,48,18.1866666666667,"NAP",2012
"NLA2012-MA-109",261,7,1.472,"NAP",2012
"NLA2012-MA-110",238,13,5.08,"NAP",2012
"NLA2012-MA-111",224,29,5.53333333333333,"CPL",2012
"NLA2012-MD-101",217,6,1.776,"SAP",2012
"NLA2012-MD-102",890,81,42.56,"SAP",2012
"NLA2012-MD-103",271,5,0.842666666666667,"SAP",2012
"NLA2012-MD-104",2343,165,118.8,"CPL",2012
"NLA2012-MD-105",611,77,22.24,"CPL",2012
"NLA2012-MD-108",570,42,26,"SAP",2012
"NLA2012-MD-115",1547,87,105.6,"CPL",2012
"NLA2012-MD-118",5800,50,3.68615384615385,"CPL",2012
"NLA2012-ME-R02",205,13,2.104,"NAP",2012
"NLA2012-ME-R03",239,12,3.208,"NAP",2012
"NLA2012-ME-R06",180,9,1.012,"NAP",2012
"NLA2012-ME-R07",220,9,1.708,"NAP",2012
"NLA2012-ME-R08",230,10,1.588,"NAP",2012
"NLA2012-ME-R10",153,10,0.932,"NAP",2012
"NLA2012-ME-R11",329,17,4.208,"NAP",2012
"NLA2012-ME-R15",145,12,1.38,"NAP",2012
"NLA2012-MI-101",604,15,2.808,"UMW",2012
"NLA2012-MI-102",588,46,33.44,"UMW",2012
"NLA2012-MI-103",581,29,2.56,"UMW",2012
"NLA2012-MI-104",619,18,5.176,"UMW",2012
"NLA2012-MI-105",546,44,12,"UMW",2012
"NLA2012-MI-106",511,36,3.46666666666667,"UMW",2012
"NLA2012-MI-107",318,31,3.01538461538462,"UMW",2012
"NLA2012-MI-108",558,14,4.48,"UMW",2012
"NLA2012-MI-109",569,44,19.3488372093023,"UMW",2012
"NLA2012-MI-110",551,10,1.50171428571429,"UMW",2012
"NLA2012-MI-111",958,36,21.04,"TPL",2012
"NLA2012-MI-112",790,38,17.04,"UMW",2012
"NLA2012-MI-113",436,75,2.91733333333333,"UMW",2012
"NLA2012-MI-114",659,51,11.2,"UMW",2012
"NLA2012-MI-115",588,15,3.5,"UMW",2012
"NLA2012-MI-116",514,36,3.568,"UMW",2012
"NLA2012-MI-117",489,18,3.144,"UMW",2012
"NLA2012-MI-118",389,8,2.97411764705882,"UMW",2012
"NLA2012-MI-120",781,49,22.48,"UMW",2012
"NLA2012-MI-122",217,21,1.045,"UMW",2012
"NLA2012-MI-123",501,22,6.18666666666667,"UMW",2012
"NLA2012-MI-124",616,38,3,"UMW",2012
"NLA2012-MI-125",513,21,5.84,"UMW",2012
"NLA2012-MI-126",669,39,4.10666666666667,"UMW",2012
"NLA2012-MI-128",395,10,3.032,"UMW",2012
"NLA2012-MI-129",488,21,2.37333333333333,"UMW",2012
"NLA2012-MI-130",589,34,1.26666666666667,"UMW",2012
"NLA2012-MI-132",1246,15,7.26,"UMW",2012
"NLA2012-MI-133",210,25,1.4016,"UMW",2012
"NLA2012-MI-135",568,22,4.58133333333333,"UMW",2012
"NLA2012-MI-136",721,17,6.224,"UMW",2012
"NLA2012-MI-137",707,19,5.4625,"UMW",2012
"NLA2012-MI-138",1130,34,4.11333333333333,"UMW",2012
"NLA2012-MI-139",1559,31,8.32,"UMW",2012
"NLA2012-MI-141",359,19,2.31333333333333,"UMW",2012
"NLA2012-MI-142",1204,75,6.21,"UMW",2012
"NLA2012-MI-144",643,26,3.51466666666667,"UMW",2012
"NLA2012-MI-145",779,29,5.824,"UMW",2012
"NLA2012-MI-148",379,8,1.53066666666667,"UMW",2012
"NLA2012-MI-150",720,23,7.42857142857143,"UMW",2012
"NLA2012-MI-151",398,10,3.423,"UMW",2012
"NLA2012-MI-152",1236,30,23.3,"UMW",2012
"NLA2012-MI-155",1085,25,6.8,"UMW",2012
"NLA2012-MI-161",610,30,15.392,"UMW",2012
"NLA2012-MI-162",246,5,2.34133333333333,"UMW",2012
"NLA2012-MI-164",1168,47,25.6533333333333,"UMW",2012
"NLA2012-MI-165",565,17,16.48,"UMW",2012
"NLA2012-MI-167",720,26,12.64,"UMW",2012
"NLA2012-MI-168",3663,23,13.4153846153846,"UMW",2012
"NLA2012-MI-169",772,41,21.12,"UMW",2012
"NLA2012-MI-172",566,16,2.712,"UMW",2012
"NLA2012-MI-177",388,23,1.67085714285714,"UMW",2012
"NLA2012-MI-178",508,60,2.864,"UMW",2012
"NLA2012-MI-R08",496,23,6.848,"UMW",2012
"NLA2012-MI-R09",135,10,1.14322580645161,"UMW",2012
"NLA2012-MN-101",524,22,8.016,"UMW",2012
"NLA2012-MN-102",503,44,5.68,"UMW",2012
"NLA2012-MN-103",687,36,13.984,"UMW",2012
"NLA2012-MN-104",659,38,1.78666666666667,"UMW",2012
"NLA2012-MN-105",395,26,5.536,"UMW",2012
"NLA2012-MN-106",633,48,2.92,"UMW",2012
"NLA2012-MN-107",4063,98,41.76,"UMW",2012
"NLA2012-MN-108",395,21,3.52,"UMW",2012
"NLA2012-MN-109",1055,25,4.14933333333333,"UMW",2012
"NLA2012-MN-110",791,40,12.16,"UMW",2012
"NLA2012-MN-111",679,20,2.688,"UMW",2012
"NLA2012-MN-112",2894,159,92.8,"UMW",2012
"NLA2012-MN-113",3844,236,203.4,"TPL",2012
"NLA2012-MN-114",3006,159,115.733333333333,"UMW",2012
"NLA2012-MN-115",544,56,3.464,"UMW",2012
"NLA2012-MN-116",1026,30,26.24,"UMW",2012
"NLA2012-MN-118",4900,524,122.4,"UMW",2012
"NLA2012-MN-119",1364,152,38.28,"TPL",2012
"NLA2012-MN-120",734,46,25.76,"UMW",2012
"NLA2012-MN-121",1452,54,18.5,"UMW",2012
"NLA2012-MN-122",791,38,3.424,"UMW",2012
"NLA2012-MN-123",1310,91,20.4,"TPL",2012
"NLA2012-MN-126",766,28,14.048,"UMW",2012
"NLA2012-MN-127",1994,110,40.8,"TPL",2012
"NLA2012-MN-130",558,31,7.536,"UMW",2012
"NLA2012-MN-131",1699,82,3,"TPL",2012
"NLA2012-MN-132",976,38,5.24571428571429,"UMW",2012
"NLA2012-MN-135",3875,259,80,"TPL",2012
"NLA2012-MN-136",904,82,13.44,"UMW",2012
"NLA2012-MN-137",4638,272,107.2,"TPL",2012
"NLA2012-MN-138",382,28,4.64,"UMW",2012
"NLA2012-MN-141",531,41,4.384,"UMW",2012
"NLA2012-MN-143",1885,69,30.1333333333333,"UMW",2012
"NLA2012-MN-144",670,25,1.632,"UMW",2012
"NLA2012-MN-145",687,28,3.008,"UMW",2012
"NLA2012-MN-147",744,45,10.2285714285714,"UMW",2012
"NLA2012-MN-150",764,17,6.08,"UMW",2012
"NLA2012-MN-152",1756,132,59.6,"UMW",2012
"NLA2012-MN-153",586,22,6.704,"UMW",2012
"NLA2012-MN-157",2049,86,50.4,"UMW",2012
"NLA2012-MN-158",4363,425,97.6,"TPL",2012
"NLA2012-MN-160",900,40,15.16,"UMW",2012
"NLA2012-MN-162",874,23,7.536,"UMW",2012
"NLA2012-MN-163",1268,107,68.16,"UMW",2012
"NLA2012-MN-167",1580,172,48.8,"TPL",2012
"NLA2012-MN-170",396,32,5.512,"UMW",2012
"NLA2012-MN-171",1960,72,18.6933333333333,"TPL",2012
"NLA2012-MN-177",2358,243,77.2,"UMW",2012
"NLA2012-MN-180",1401,40,18.32,"UMW",2012
"NLA2012-MN-181",941,49,2.592,"UMW",2012
"NLA2012-MN-R01",540,11,1.558,"UMW",2012
"NLA2012-MN-R12",668,25,5.76,"UMW",2012
"NLA2012-MN-R13",872,28,9.6,"UMW",2012
"NLA2012-MN-R14",519,30,14.64,"UMW",2012
"NLA2012-MO-101",1318,97,64.8,"TPL",2012
"NLA2012-MO-102",802,48,34.88,"SAP",2012
"NLA2012-MO-103",689,34,17.12,"TPL",2012
"NLA2012-MO-104",246,25,2.136,"SAP",2012
"NLA2012-MO-105",476,42,20,"SAP",2012
"NLA2012-MO-106",1126,110,66.6,"SAP",2012
"NLA2012-MO-107",985,200,65.2,"CPL",2012
"NLA2012-MO-108",300,20,2.192,"SAP",2012
"NLA2012-MO-109",1068,67,29.4,"TPL",2012
"NLA2012-MO-110",354,29,6.656,"SAP",2012
"NLA2012-MO-115",674,50,18.08,"TPL",2012
"NLA2012-MO-117",245,10,1.192,"SAP",2012
"NLA2012-MO-119",326,27,4.336,"TPL",2012
"NLA2012-MO-120",1305,69,46,"TPL",2012
"NLA2012-MO-122",2289,235,86.4,"TPL",2012
"NLA2012-MO-123",1295,135,56.6666666666667,"TPL",2012
"NLA2012-MO-126",2232,392,117.666666666667,"TPL",2012
"NLA2012-MO-R01",195,8,1.184,"SAP",2012
"NLA2012-MO-R02",401,18,2.68266666666667,"SAP",2012
"NLA2012-MS-101",1041,124,49.6,"CPL",2012
"NLA2012-MS-103",440,54,21.4,"CPL",2012
"NLA2012-MS-104",1316,129,34.08,"CPL",2012
"NLA2012-MS-105",296,21,9.696,"CPL",2012
"NLA2012-MS-106",439,33,25.76,"CPL",2012
"NLA2012-MS-107",554,212,25.6,"CPL",2012
"NLA2012-MS-112",506,37,6.348,"CPL",2012
"NLA2012-MS-113",270,20,3.552,"CPL",2012
"NLA2012-MS-116",396,22,3.944,"CPL",2012
"NLA2012-MS-119",990,45,23.04,"CPL",2012
"NLA2012-MS-125",6188,1689,217.6,"CPL",2012
"NLA2012-MS-126",760,82,27.2,"CPL",2012
"NLA2012-MS-128",456,20,8.576,"CPL",2012
"NLA2012-MS-R03",1226,66,55.84,"CPL",2012
"NLA2012-MT-102",168,21,0.884571428571429,"WMT",2012
"NLA2012-MT-103",1599,339,3.296,"NPL",2012
"NLA2012-MT-104",216,29,0.637333333333333,"NPL",2012
"NLA2012-MT-105",82,20,1.014,"WMT",2012
"NLA2012-MT-106",166,11,0.464,"NPL",2012
"NLA2012-MT-107",1620,42,6.616,"NPL",2012
"NLA2012-MT-108",2068,1344,8.56,"NPL",2012
"NLA2012-MT-109",574,43,5.23733333333333,"NPL",2012
"NLA2012-MT-110",166,23,1.252,"WMT",2012
"NLA2012-MT-111",69,16,1.134,"WMT",2012
"NLA2012-MT-113",98,17,0.600201409869084,"NPL",2012
"NLA2012-MT-118",1453,1378,13.28,"NPL",2012
"NLA2012-MT-119",4175,390,143.6,"NPL",2012
"NLA2012-MT-120",168,12,1.03,"WMT",2012
"NLA2012-MT-124",41,16,0.742,"WMT",2012
"NLA2012-MT-126",3195,355,1.572,"NPL",2012
"NLA2012-MT-135",3344,343,231.12,"NPL",2012
"NLA2012-MT-136",113,10,0.684,"WMT",2012
"NLA2012-MT-138",882,78,11.296,"NPL",2012
"NLA2012-MT-140",29,8,0.338,"WMT",2012
"NLA2012-MT-142",1901,103,2.224,"NPL",2012
"NLA2012-MT-143",1314,29,0.63,"NPL",2012
"NLA2012-MT-144",601,91,5,"NPL",2012
"NLA2012-MT-151",3550,738,57.6,"NPL",2012
"NLA2012-MT-152",249,11,1.204,"WMT",2012
"NLA2012-MT-154",13413,3436,35.7714285714286,"NPL",2012
"NLA2012-MT-156",160,28,1.34666666666667,"NPL",2012
"NLA2012-MT-160",930,74,30.312,"NPL",2012
"NLA2012-MT-161",604,65,5.32,"NPL",2012
"NLA2012-MT-162",82,8,1.624,"WMT",2012
"NLA2012-MT-164",901,10,1.782,"WMT",2012
"NLA2012-MT-177",1352,46,2.19733333333333,"NPL",2012
"NLA2012-NC-101",291,38,13.248,"SAP",2012
"NLA2012-NC-103",114,11,3.12,"CPL",2012
"NLA2012-NC-104",650,36,7.52,"CPL",2012
"NLA2012-NC-105",41,15,0.864,"SAP",2012
"NLA2012-NC-107",657,26,31.2,"CPL",2012
"NLA2012-NC-108",94,26,2.03428571428571,"SAP",2012
"NLA2012-NC-109",115,12,2.05,"SAP",2012
"NLA2012-NC-114",878,116,56.2666666666667,"SAP",2012
"NLA2012-NC-115",788,58,13.2266666666667,"CPL",2012
"NLA2012-NC-116",490,66,24.96,"SAP",2012
"NLA2012-NC-124",1622,140,92.016,"SAP",2012
"NLA2012-NC-127",294,19,7.72571428571429,"CPL",2012
"NLA2012-NC-134",756,45,25.44,"SAP",2012
"NLA2012-ND-101",1552,414,13.44,"TPL",2012
"NLA2012-ND-102",2750,254,59.2,"TPL",2012
"NLA2012-ND-103",2085,88,19.15,"NPL",2012
"NLA2012-ND-104",2408,274,41.4,"NPL",2012
"NLA2012-ND-105",1721,328,23.92,"TPL",2012
"NLA2012-ND-106",1615,89,13.2,"TPL",2012
"NLA2012-ND-107",3125,99,19.48,"NPL",2012
"NLA2012-ND-108",6788,603,446.4,"NPL",2012
"NLA2012-ND-109",2830,176,13.4666666666667,"NPL",2012
"NLA2012-ND-110",1956,203,6.8,"NPL",2012
"NLA2012-ND-112",1900,147,3.28,"NPL",2012
"NLA2012-ND-113",1689,49,11.2,"TPL",2012
"NLA2012-ND-114",1564,153,17.28,"NPL",2012
"NLA2012-ND-115",1509,70,7.48,"NPL",2012
"NLA2012-ND-118",2715,230,1.76,"NPL",2012
"NLA2012-ND-119",2508,840,11.64,"TPL",2012
"NLA2012-ND-126",3088,751,62.8,"NPL",2012
"NLA2012-ND-129",3680,839,283.2,"NPL",2012
"NLA2012-ND-131",1140,36,2.91733333333333,"NPL",2012
"NLA2012-ND-134",2336,302,24.4,"NPL",2012
"NLA2012-ND-139",2668,131,2.732,"NPL",2012
"NLA2012-ND-145",1372,91,20.3692307692308,"NPL",2012
"NLA2012-ND-146",2693,128,24.96,"TPL",2012
"NLA2012-ND-149",6200,1254,164,"NPL",2012
"NLA2012-ND-151",3125,272,48.96,"NPL",2012
"NLA2012-ND-155",5119,3590,0.708,"NPL",2012
"NLA2012-ND-156",3590,432,78.56,"NPL",2012
"NLA2012-ND-160",1981,53,7.24,"NPL",2012
"NLA2012-ND-162",1958,88,21.6,"TPL",2012
"NLA2012-ND-163",1953,138,27.2,"NPL",2012
"NLA2012-ND-164",3373,333,39.4893617021277,"NPL",2012
"NLA2012-ND-167",3775,322,42.576,"NPL",2012
"NLA2012-ND-172",2713,317,82.24,"NPL",2012
"NLA2012-ND-173",1831,81,3.004,"NPL",2012
"NLA2012-ND-178",950,51,2.868,"TPL",2012
"NLA2012-ND-186",1194,68,8.16,"NPL",2012
"NLA2012-ND-187",1054,43,7.04,"NPL",2012
"NLA2012-ND-190",4781,359,229.714285714286,"TPL",2012
"NLA2012-ND-193",3333,279,81.12,"NPL",2012
"NLA2012-ND-194",5738,599,460.8,"TPL",2012
"NLA2012-ND-196",1901,91,17.1733333333333,"NPL",2012
"NLA2012-ND-198",1875,78,8.4,"TPL",2012
"NLA2012-ND-199",2515,61,6.24,"TPL",2012
"NLA2012-ND-202",4213,67,39.2,"NPL",2012
"NLA2012-ND-R17",2395,70,27.867,"NPL",2012
"NLA2012-ND-R18",1236,98,20.4,"NPL",2012
"NLA2012-NE-101",922,219,27.36,"SPL",2012
"NLA2012-NE-102",7750,498,182.666666666667,"SPL",2012
"NLA2012-NE-103",1057,310,32.2666666666667,"SPL",2012
"NLA2012-NE-104",2304,237,157.86,"SPL",2012
"NLA2012-NE-105",3663,450,48.467,"SPL",2012
"NLA2012-NE-106",1905,144,98.6666666666667,"TPL",2012
"NLA2012-NE-107",4450,277,28,"SPL",2012
"NLA2012-NE-108",6225,673,269.333333333333,"SPL",2012
"NLA2012-NE-109",722,59,12.0133333333333,"SPL",2012
"NLA2012-NE-110",4163,1399,257.6,"TPL",2012
"NLA2012-NE-111",837,140,7.42857142857143,"SPL",2012
"NLA2012-NE-112",1905,128,5.28,"SPL",2012
"NLA2012-NE-113",5600,268,120.8,"SPL",2012
"NLA2012-NE-114",330,241,5.82,"SPL",2012
"NLA2012-NE-121",8475,374,218.666666666667,"SPL",2012
"NLA2012-NE-125",9088,455,212,"SPL",2012
"NLA2012-NE-127",17400,566,19.7333333333333,"SPL",2012
"NLA2012-NE-129",2109,225,160.64,"TPL",2012
"NLA2012-NE-133",1999,96,2.66,"SPL",2012
"NLA2012-NE-135",51313,3636,233.6,"SPL",2012
"NLA2012-NE-149",4500,421,248,"SPL",2012
"NLA2012-NE-154",3513,873,114.933333333333,"TPL",2012
"NLA2012-NE-156",12875,1156,424,"SPL",2012
"NLA2012-NE-157",691,47,15.76,"TPL",2012
"NLA2012-NE-158",2396,697,5.48,"SPL",2012
"NLA2012-NE-160",616,81,21.3714285714286,"SPL",2012
"NLA2012-NE-166",900,104,24.1,"SPL",2012
"NLA2012-NE-170",4025,319,248.76,"TPL",2012
"NLA2012-NH-101",145,22,2.344,"NAP",2012
"NLA2012-NH-102",388,20,5.408,"NAP",2012
"NLA2012-NH-103",132,6,1.74,"NAP",2012
"NLA2012-NH-104",225,18,3.948,"NAP",2012
"NLA2012-NH-105",414,27,3.8,"NAP",2012
"NLA2012-NH-107",450,18,6.192,"NAP",2012
"NLA2012-NH-108",266,27,3.368,"NAP",2012
"NLA2012-NH-109",125,7,0.6112,"NAP",2012
"NLA2012-NH-111",239,13,3.48,"NAP",2012
"NLA2012-NH-112",159,15,2.24,"NAP",2012
"NLA2012-NH-115",248,12,1.984,"NAP",2012
"NLA2012-NH-R04",181,14,0.604,"NAP",2012
"NLA2012-NJ-101",592,49,19.0857142857143,"NAP",2012
"NLA2012-NJ-102",827,158,27.9,"NAP",2012
"NLA2012-NJ-103",965,57,35.76,"SAP",2012
"NLA2012-NJ-104",399,39,21.64,"CPL",2012
"NLA2012-NJ-105",426,12,3.216,"NAP",2012
"NLA2012-NJ-106",1002,87,105.84,"NAP",2012
"NLA2012-NJ-107",465,49,15.728,"NAP",2012
"NLA2012-NJ-108",762,24,3.744,"CPL",2012
"NLA2012-NJ-118",688,38,7.9,"NAP",2012
"NLA2012-NJ-119",336,17,4.92666666666667,"NAP",2012
"NLA2012-NJ-131",312,7,2.90133333333333,"CPL",2012
"NLA2012-NJ-R01",466,25,11.472,"NAP",2012
"NLA2012-NM-104",180,30,4.52,"XER",2012
"NLA2012-NM-105",1348,77,8.58666666666667,"SPL",2012
"NLA2012-NM-117",1129,25,4.65833333333333,"WMT",2012
"NLA2012-NM-129",505,24,1.58,"SPL",2012
"NLA2012-NM-132",1231,231,23.521,"WMT",2012
"NLA2012-NM-134",129,17,1.83,"XER",2012
"NLA2012-NM-138",305,152,1.915,"WMT",2012
"NLA2012-NM-150",939,159,34.4,"XER",2012
"NLA2012-NM-152",1511,256,12.88,"SPL",2012
"NLA2012-NM-160",611,214,3.28,"SPL",2012
"NLA2012-NM-161",214,16,1.715,"WMT",2012
"NLA2012-NM-162",626,56,1.93,"WMT",2012
"NLA2012-NV-101",1061,437,6.528,"XER",2012
"NLA2012-NV-102",645,138,4.71466666666667,"XER",2012
"NLA2012-NV-103",462,27,0.334,"XER",2012
"NLA2012-NV-104",572,125,3.10153846153846,"XER",2012
"NLA2012-NV-105",389,246,4.30588235294118,"XER",2012
"NLA2012-NV-106",588,173,3.84,"XER",2012
"NLA2012-NV-109",606,83,0.329142857142857,"XER",2012
"NLA2012-NV-119",510,108,5.488,"XER",2012
"NLA2012-NV-127",572,43,1.815,"XER",2012
"NLA2012-NV-137",351,230,4.288,"XER",2012
"NLA2012-NV-141",1102,137,5.14133333333333,"XER",2012
"NLA2012-NV-144",206,20,11.6444444444444,"XER",2012
"NLA2012-NV-167",845,150,0.410133333333333,"XER",2012
"NLA2012-NV-177",415,88,1.77142857142857,"XER",2012
"NLA2012-NV-193",445,21,2.064,"WMT",2012
"NLA2012-NV-R01",75,12,1.908,"XER",2012
"NLA2012-NY-0101",217,10,0.912727272727273,"NAP",2012
"NLA2012-NY-0102",396,16,1.17142857142857,"NAP",2012
"NLA2012-NY-0103",111,4,1.28,"NAP",2012
"NLA2012-NY-0104",429,55,4.7,"NAP",2012
"NLA2012-NY-0106",248,14,1.844,"NAP",2012
"NLA2012-NY-0108",694,124,41.6,"NAP",2012
"NLA2012-NY-0109",485,26,12.64,"NAP",2012
"NLA2012-NY-0110",321,11,2.20266666666667,"NAP",2012
"NLA2012-NY-0111",426,12,1.691,"NAP",2012
"NLA2012-NY-0112",486,33,5.13777777777778,"NAP",2012
"NLA2012-NY-R02",224,12,1.05,"NAP",2012
"NLA2012-NY-R03",251,9,2.664,"NAP",2012
"NLA2012-NY-R04",1271,136,71.2,"NAP",2012
"NLA2012-NY-R06",340,23,16.48,"NAP",2012
"NLA2012-NY-R07",1807,176,92,"NAP",2012
"NLA2012-NY-R08",289,17,2.38,"NAP",2012
"NLA2012-NY-R11",140,9,1.38,"NAP",2012
"NLA2012-OAHU12-12",781,40,29.12,NA,2012
"NLA2012-OAHU12-23",544,63,32.16,NA,2012
"NLA2012-OH-101",1326,159,74.56,"TPL",2012
"NLA2012-OH-102",2129,572,81.6,"TPL",2012
"NLA2012-OH-103",353,17,3.76,"SAP",2012
"NLA2012-OH-104",1226,88,53.92,"TPL",2012
"NLA2012-OH-105",1360,138,111.2,"TPL",2012
"NLA2012-OH-106",448,21,9.06666666666667,"SAP",2012
"NLA2012-OH-107",1949,128,105.984,"NAP",2012
"NLA2012-OH-112",520,26,8.587,"TPL",2012
"NLA2012-OH-113",1777,164,88.8,"SAP",2012
"NLA2012-OH-115",234,9,3.188,"SAP",2012
"NLA2012-OH-118",149,5,1.22,"TPL",2012
"NLA2012-OH-122",1475,109,64.32,"TPL",2012
"NLA2012-OH-127",207,8,1.712,"SAP",2012
"NLA2012-OH-134",1395,289,77.44,"TPL",2012
"NLA2012-OH-136",2745,185,204.48,"NAP",2012
"NLA2012-OH-137",845,41,36.2571428571429,"NAP",2012
"NLA2012-OH-R02",445,10,4.4,"NAP",2012
"NLA2012-OH-R03",460,22,5.344,"NAP",2012
"NLA2012-OK-R01",594,28,11.7714285714286,"SPL",2012
"NLA2012-OK-R09",837,46,17.44,"SPL",2012
"NLA2012-OR-101",839,332,6.49295774647887,"XER",2012
"NLA2012-OR-102",1199,452,11.28,"XER",2012
"NLA2012-OR-103",82,65,0.701333333333333,"WMT",2012
"NLA2012-OR-104",186,32,2.82133333333333,"WMT",2012
"NLA2012-OR-105",288,48,3.744,"WMT",2012
"NLA2012-OR-106",16,62,0.997894736842105,"WMT",2012
"NLA2012-OR-107",173,18,1.01333333333333,"WMT",2012
"NLA2012-OR-109",29,9,0.1216,"WMT",2012
"NLA2012-OR-110",195,21,3.71967654986523,"WMT",2012
"NLA2012-OR-111",2424,306,14.9,"XER",2012
"NLA2012-OR-112",348,125,8.11428571428571,"WMT",2012
"NLA2012-OR-113",213,25,1.624,"WMT",2012
"NLA2012-OR-121",190,39,0.769230769230769,"WMT",2012
"NLA2012-OR-123",191,37,11.872,"WMT",2012
"NLA2012-OR-126",130,26,1.468,"WMT",2012
"NLA2012-OR-128",170,23,5.32307692307692,"WMT",2012
"NLA2012-OR-129",171,20,2.832,"WMT",2012
"NLA2012-OR-131",625,197,20.2285714285714,"WMT",2012
"NLA2012-OR-133",160,20,1.424,"WMT",2012
"NLA2012-OR-144",296,17,1.19466666666667,"WMT",2012
"NLA2012-OR-145",181,12,2.71111111111111,"WMT",2012
"NLA2012-OR-154",578,288,2.392,"WMT",2012
"NLA2012-OR-155",411,51,15.776,"WMT",2012
"NLA2012-OR-158",3125,187,45.6,"WMT",2012
"NLA2012-OR-160",245,30,0.692,"WMT",2012
"NLA2012-OR-163",208,9,3.41142857142857,"WMT",2012
"NLA2012-OR-167",480,117,20.6857142857143,"WMT",2012
"NLA2012-OR-169",34,25,0.428,"WMT",2012
"NLA2012-OR-173",82,4,0.725333333333333,"WMT",2012
"NLA2012-PA-R10",121,10,0.396,"SAP",2012
"NLA2012-PA-R11",141,22,4.2,"SAP",2012
"NLA2012-RI-102",330,18,5.152,"NAP",2012
"NLA2012-RI-103",283,20,3.064,"NAP",2012
"NLA2012-RI-104",302,20,6.528,"NAP",2012
"NLA2012-RI-108",291,16,2.616,"NAP",2012
"NLA2012-RI-110",679,36,24.32,"NAP",2012
"NLA2012-RI-111",596,24,9.33846153846154,"NAP",2012
"NLA2012-RI-112",582,47,9.5,"NAP",2012
"NLA2012-RI-113",601,29,10.88,"NAP",2012
"NLA2012-SC-102",779,44,36.24,"CPL",2012
"NLA2012-SC-103",53,22,1.348,"SAP",2012
"NLA2012-SC-105",837,61,29.3333333333333,"CPL",2012
"NLA2012-SC-106",238,37,4.69714285714286,"SAP",2012
"NLA2012-SC-108",498,32,11.4933333333333,"CPL",2012
"NLA2012-SC-112",300,12,2.60571428571429,"CPL",2012
"NLA2012-SC-118",349,51,12.8,"CPL",2012
"NLA2012-SC-127",630,25,10.88,"CPL",2012
"NLA2012-SD-101",348,27,2.74,"NPL",2012
"NLA2012-SD-102",1931,709,10.8,"TPL",2012
"NLA2012-SD-103",1891,67,13.7,"TPL",2012
"NLA2012-SD-104",1329,119,3.112,"TPL",2012
"NLA2012-SD-105",1895,100,42.84,"NPL",2012
"NLA2012-SD-106",687,42,5.904,"TPL",2012
"NLA2012-SD-107",804,39,11.04,"WMT",2012
"NLA2012-SD-108",1022,57,9.95555555555556,"NPL",2012
"NLA2012-SD-109",2259,501,43.1,"TPL",2012
"NLA2012-SD-110",1735,167,16.52,"TPL",2012
"NLA2012-SD-111",3881,162,90.72,"TPL",2012
"NLA2012-SD-114",3031,144,53.6,"TPL",2012
"NLA2012-SD-115",1921,187,70.7692307692308,"TPL",2012
"NLA2012-SD-119",2238,390,59.7333333333333,"NPL",2012
"NLA2012-SD-122",2421,147,31.04,"TPL",2012
"NLA2012-SD-124",2693,236,62.8,"NPL",2012
"NLA2012-SD-126",3550,316,93.7142857142857,"TPL",2012
"NLA2012-SD-130",1951,126,23.36,"TPL",2012
"NLA2012-SD-131",3863,336,148.32,"NPL",2012
"NLA2012-SD-132",1992,366,33.6,"NPL",2012
"NLA2012-SD-133",1841,304,72.9257142857143,"NPL",2012
"NLA2012-SD-134",2731,928,57.2307692307692,"NPL",2012
"NLA2012-SD-137",1888,475,0.576,"NPL",2012
"NLA2012-SD-138",779,49,2.52,"TPL",2012
"NLA2012-SD-140",851,68,8.112,"NPL",2012
"NLA2012-SD-141",2535,39,6.2,"NPL",2012
"NLA2012-SD-143",54000,32,7.41333333333333,"NPL",2012
"NLA2012-SD-146",1744,25,7.936,"TPL",2012
"NLA2012-SD-147",2563,554,57,"NPL",2012
"NLA2012-SD-150",3094,99,13,"NPL",2012
"NLA2012-SD-154",2900,753,35.5692307692308,"TPL",2012
"NLA2012-SD-157",2420,84,32.508,"NPL",2012
"NLA2012-SD-158",1784,610,17.28,"TPL",2012
"NLA2012-SD-162",2352,815,85.44,"TPL",2012
"NLA2012-SD-165",1369,357,1.912,"NPL",2012
"NLA2012-SD-166",1105,71,6.376,"TPL",2012
"NLA2012-SD-168",1758,293,16.88,"NPL",2012
"NLA2012-SD-170",3400,137,25.4666666666667,"TPL",2012
"NLA2012-SD-172",1555,70,3.688,"NPL",2012
"NLA2012-SD-182",912,35,1.92,"TPL",2012
"NLA2012-SD-183",344,41,4.672,"NPL",2012
"NLA2012-SD-189",2400,147,38.736,"NPL",2012
"NLA2012-SD-198",2132,419,1.914,"TPL",2012
"NLA2012-SD-212",1223,346,0.334,"NPL",2012
"NLA2012-TN-101",991,129,49.76,"SAP",2012
"NLA2012-TN-103",3000,359,30.72,"SAP",2012
"NLA2012-TN-104",260,13,5.112,"SAP",2012
"NLA2012-TN-106",476,43,28,"CPL",2012
"NLA2012-TN-108",1794,628,69.6,"SAP",2012
"NLA2012-TN-113",1099,120,109.584,"CPL",2012
"NLA2012-TN-114",1922,50,29.92,"CPL",2012
"NLA2012-TN-119",841,51,23.04,"SAP",2012
"NLA2012-TN-122",510,48,19.04,"CPL",2012
"NLA2012-TN-R01",131,21,3.384,"SAP",2012
"NLA2012-TX-101",1014,181,48.4,"SPL",2012
"NLA2012-TX-103",970,49,14.5,"SPL",2012
"NLA2012-TX-104",896,111,11.632,"SPL",2012
"NLA2012-TX-105",590,35,37.28,"CPL",2012
"NLA2012-TX-107",830,43,3.744,"SPL",2012
"NLA2012-TX-109",805,35,11.2,"CPL",2012
"NLA2012-TX-110",610,26,14.8571428571429,"SPL",2012
"NLA2012-TX-111",1589,28,12.704,"SPL",2012
"NLA2012-TX-112",419,23,3.592,"SPL",2012
"NLA2012-TX-113",869,60,40.64,"CPL",2012
"NLA2012-TX-114",601,95,57,"SPL",2012
"NLA2012-TX-116",633,34,4.72,"SPL",2012
"NLA2012-TX-117",1656,239,88.8,"CPL",2012
"NLA2012-TX-118",1199,86,25.4,"CPL",2012
"NLA2012-TX-121",1264,204,40.8,"CPL",2012
"NLA2012-TX-124",596,25,12.08,"SPL",2012
"NLA2012-TX-128",529,56,5.52,"SPL",2012
"NLA2012-TX-129",1044,59,12.288,"CPL",2012
"NLA2012-TX-135",2894,114,30.24,"CPL",2012
"NLA2012-TX-136",1669,113,29.8666666666667,"SPL",2012
"NLA2012-TX-137",590,30,2.436,"CPL",2012
"NLA2012-TX-141",445,30,7.064,"CPL",2012
"NLA2012-TX-144",470,30,6.848,"SPL",2012
"NLA2012-TX-148",595,64,5.64,"SPL",2012
"NLA2012-TX-152",5913,486,373.333333333333,"SPL",2012
"NLA2012-TX-157",579,58,24.48,"CPL",2012
"NLA2012-TX-158",806,88,26.6,"CPL",2012
"NLA2012-TX-159",1368,100,20,"SPL",2012
"NLA2012-TX-160",899,79,60.48,"SPL",2012
"NLA2012-TX-161",743,171,14.176,"CPL",2012
"NLA2012-TX-165",436,26,7.9,"CPL",2012
"NLA2012-TX-169",4065,54,1.24533333333333,"CPL",2012
"NLA2012-TX-170",1222,84,51.2,"CPL",2012
"NLA2012-TX-176",1356,130,21.216,"SPL",2012
"NLA2012-TX-182",609,39,5.54666666666667,"SPL",2012
"NLA2012-TX-187",1070,167,40.0941176470588,"CPL",2012
"NLA2012-TX-190",349,30,2.90285714285714,"SPL",2012
"NLA2012-TX-195",655,89,42.6666666666667,"CPL",2012
"NLA2012-TX-196",898,88,27.2,"SPL",2012
"NLA2012-TX-199",4650,525,148,"CPL",2012
"NLA2012-TX-201",754,43,15.504,"CPL",2012
"NLA2012-TX-202",1712,116,25.28,"SPL",2012
"NLA2012-TX-205",1013,17,7.46666666666667,"CPL",2012
"NLA2012-TX-218",1753,122,98,"SPL",2012
"NLA2012-TX-232",979,35,11.968,"CPL",2012
"NLA2012-TX-234",882,54,9.16363636363636,"SPL",2012
"NLA2012-TX-235",1432,88,44.48,"CPL",2012
"NLA2012-TX-R02",365,41,8.44,"CPL",2012
"NLA2012-TX-R08",920,113,40,"CPL",2012
"NLA2012-TX-R09",456,27,7.968,"CPL",2012
"NLA2012-UT-101",156,15,3.58666666666667,"WMT",2012
"NLA2012-UT-102",186,21,1.668,"XER",2012
"NLA2012-UT-103",189,23,6.35333333333333,"WMT",2012
"NLA2012-UT-104",259,65,2,"XER",2012
"NLA2012-UT-105",291,23,2.568,"WMT",2012
"NLA2012-UT-108",440,80,6,"WMT",2012
"NLA2012-UT-109",1855,96,33.6,"XER",2012
"NLA2012-UT-110",431,29,1.09538461538462,"XER",2012
"NLA2012-UT-112",606,60,10.1142857142857,"WMT",2012
"NLA2012-UT-118",199,23,1.36,"WMT",2012
"NLA2012-UT-122",159,10,5.08,"WMT",2012
"NLA2012-UT-125",207,20,0.664,"WMT",2012
"NLA2012-UT-126",281,12,0.486857142857143,"WMT",2012
"NLA2012-UT-128",1258,72,21.48,"XER",2012
"NLA2012-UT-137",1252,147,15.04,"WMT",2012
"NLA2012-UT-141",1339,193,47.8,"XER",2012
"NLA2012-UT-147",431,14,9.61142857142857,"WMT",2012
"NLA2012-UT-148",2022,265,74.8,"XER",2012
"NLA2012-UT-159",220,11,1.50933333333333,"WMT",2012
"NLA2012-UT-160",225,30,0.704,"XER",2012
"NLA2012-UT-165",641,41,1.46,"WMT",2012
"NLA2012-UT-167",473,27,0.867175572519084,"XER",2012
"NLA2012-UT-169",211,23,1.56,"WMT",2012
"NLA2012-UT-173",162,36,2.392,"XER",2012
"NLA2012-UT-186",428,118,11.84,"WMT",2012
"NLA2012-UT-196",266,17,1.34,"WMT",2012
"NLA2012-UT-203",114,6,0.56,"WMT",2012
"NLA2012-UT-210",282,51,2.72,"WMT",2012
"NLA2012-UT-218",230,28,3.85882352941176,"WMT",2012
"NLA2012-UT-222",1466,83,14.25,"WMT",2012
"NLA2012-UT-229",424,37,3.516,"WMT",2012
"NLA2012-UT-260",285,21,3.564,"WMT",2012
"NLA2012-UT-264",511,104,24.1,"WMT",2012
"NLA2012-UT-290",849,66,3.90769230769231,"XER",2012
"NLA2012-UT-294",140,24,0.92,"WMT",2012
"NLA2012-UT-324",220,19,1.85066666666667,"WMT",2012
"NLA2012-UT-325",310,30,4.48,"WMT",2012
"NLA2012-UT-343",1005,85,0.3148,"WMT",2012
"NLA2012-UT-359",3250,542,173.2,"XER",2012
"NLA2012-UT-374",211,25,1.676,"XER",2012
"NLA2012-UT-392",645,55,4.2,"XER",2012
"NLA2012-UT-397",271,16,1.116,"WMT",2012
"NLA2012-UT-400",1136,1208,10.24,"XER",2012
"NLA2012-UT-409",1648,237,39.68,"XER",2012
"NLA2012-UT-412",299,54,9.28,"WMT",2012
"NLA2012-UT-424",534,43,5.70285714285714,"WMT",2012
"NLA2012-VA-101",875,146,64.672,"SAP",2012
"NLA2012-VA-102",1084,70,64,"SAP",2012
"NLA2012-VA-103",368,24,9.248,"SAP",2012
"NLA2012-VA-104",179,19,7.376,"SAP",2012
"NLA2012-VA-105",538,80,11.504,"SAP",2012
"NLA2012-VA-106",731,64,49.12,"CPL",2012
"NLA2012-VA-108",271,61,11.456,"SAP",2012
"NLA2012-VA-109",530,63,7.656,"SAP",2012
"NLA2012-VA-110",379,19,6.848,"SAP",2012
"NLA2012-VA-111",561,114,66.56,"CPL",2012
"NLA2012-VA-112",356,24,6.417,"CPL",2012
"NLA2012-VA-114",371,35,25.4,"SAP",2012
"NLA2012-VA-116",184,37,19,"SAP",2012
"NLA2012-VA-118",3081,426,93.6,"SAP",2012
"NLA2012-VA-119",1555,124,70,"CPL",2012
"NLA2012-VA-121",802,96,45.6,"CPL",2012
"NLA2012-VA-123",2005,112,111.6,"CPL",2012
"NLA2012-VA-125",490,27,5.808,"SAP",2012
"NLA2012-VA-126",550,40,16.32,"SAP",2012
"NLA2012-VA-127",815,81,35.4,"CPL",2012
"NLA2012-VA-130",448,61,36.6,"SAP",2012
"NLA2012-VA-R01",176,9,1.68,"SAP",2012
"NLA2012-VA-R05",353,12,4.52,"CPL",2012
"NLA2012-VA-R06",298,15,1.76533333333333,"CPL",2012
"NLA2012-VA-R14",159,13,2.752,"SAP",2012
"NLA2012-VA-R17",191,9,3.664,"SAP",2012
"NLA2012-VA-R18",1160,103,70.8,"CPL",2012
"NLA2012-VT-101",261,18,0.952,"NAP",2012
"NLA2012-VT-102",250,14,3.76,"NAP",2012
"NLA2012-VT-103",342,20,3.39428571428571,"NAP",2012
"NLA2012-VT-104",296,9,3.168,"NAP",2012
"NLA2012-VT-106",315,20,5.28,"NAP",2012
"NLA2012-VT-109",429,19,7.76,"NAP",2012
"NLA2012-VT-110",231,9,9.2475,"NAP",2012
"NLA2012-VT-112",536,19,17.76,"NAP",2012
"NLA2012-VT-114",136,10,1.85142857142857,"NAP",2012
"NLA2012-VT-115",429,31,0.328,"NAP",2012
"NLA2012-VT-R01",308,12,0.858666666666667,"NAP",2012
"NLA2012-VT-R02",216,5,0.912,"NAP",2012
"NLA2012-WA-101",344,21,7.912,"WMT",2012
"NLA2012-WA-102",1572,180,5.12,"WMT",2012
"NLA2012-WA-103",286,9,1.77066666666667,"WMT",2012
"NLA2012-WA-104",624,99,25.76,"XER",2012
"NLA2012-WA-106",967,53,36.64,"WMT",2012
"NLA2012-WA-107",1074,74,42.88,"WMT",2012
"NLA2012-WA-108",259,38,3.70133333333333,"WMT",2012
"NLA2012-WA-109",256,15,3.67466666666667,"WMT",2012
"NLA2012-WA-110",154,19,1.872,"WMT",2012
"NLA2012-WA-111",640,16,1.568,"XER",2012
"NLA2012-WA-112",522,93,45.3333333333333,"WMT",2012
"NLA2012-WA-114",591,92,5.16266666666667,"WMT",2012
"NLA2012-WA-115",444,50,1.608,"WMT",2012
"NLA2012-WA-116",724,22,4.432,"XER",2012
"NLA2012-WA-118",585,28,1.7,"WMT",2012
"NLA2012-WA-120",239,50,1.4868,"WMT",2012
"NLA2012-WA-121",348,9,4.98666666666667,"WMT",2012
"NLA2012-WA-124",746,25,41.84,"XER",2012
"NLA2012-WA-125",227,72,3.98,"WMT",2012
"NLA2012-WA-126",171,40,6.33142857142857,"WMT",2012
"NLA2012-WA-129",35,85,1.85828571428571,"WMT",2012
"NLA2012-WA-131",1159,95,2.176,"XER",2012
"NLA2012-WA-133",749,62,9.92,"WMT",2012
"NLA2012-WA-138",279,12,3.136,"WMT",2012
"NLA2012-WA-141",310,23,2.45333333333333,"WMT",2012
"NLA2012-WA-146",141,34,1.42933333333333,"WMT",2012
"NLA2012-WA-147",456,41,1.3858064516129,"WMT",2012
"NLA2012-WA-151",14,15,0.652,"WMT",2012
"NLA2012-WA-154",534,53,10.432,"WMT",2012
"NLA2012-WA-157",99,25,1.744,"WMT",2012
"NLA2012-WA-159",536,67,7.552,"XER",2012
"NLA2012-WA-R08",479,69,2.712,"XER",2012
"NLA2012-WA-R09",219,79,1.46666666666667,"XER",2012
"NLA2012-WA-R10",800,20,2.008,"XER",2012
"NLA2012-WA-R11",73,8,0.5344,"WMT",2012
"NLA2012-WI-R06",596,19,9.22666666666667,"UMW",2012
"NLA2012-WI-R08",370,24,3.08,"UMW",2012
"NLA2012-WI-R11",920,36,13.68,"UMW",2012
"NLA2012-WI-R12",414,23,2.61333333333333,"UMW",2012
"NLA2012-WI-R13",515,17,8.672,"UMW",2012
"NLA2012-WV-101",172,6,2.284,"SAP",2012
"NLA2012-WV-102",128,16,2.232,"SAP",2012
"NLA2012-WV-105",365,36,15.3,"SAP",2012
"NLA2012-WV-106",152,14,0.892,"SAP",2012
"NLA2012-WV-111",245,11,2.22909090909091,"SAP",2012
"NLA2012-WV-112",657,63,25.2571428571429,"SAP",2012
"NLA2012-WV-113",193,26,8.48,"SAP",2012
"NLA2012-WV-115",306,14,1.66,"SAP",2012
"NLA2012-WV-R01",134,7,2.352,"SAP",2012
"NLA2012-WY-101",106,22,0.519,"XER",2012
"NLA2012-WY-102",849,82,10.44,"NPL",2012
"NLA2012-WY-103",50,12,0.54,"XER",2012
"NLA2012-WY-104",146,15,1.02,"NPL",2012
"NLA2012-WY-105",254,52,1.756,"XER",2012
"NLA2012-WY-107",1559,1528,3.44,"SPL",2012
"NLA2012-WY-115",468,51,2.168,"XER",2012
"NLA2012-WY-117",44,15,14.08,"WMT",2012
"NLA2012-WY-120",88,18,2.356,"WMT",2012
"NLA2012-WY-124",62,42,0.524,"WMT",2012
"NLA2012-WY-125",296,29,2.544,"WMT",2012
"NLA2012-WY-130",1805,44,5.408,"XER",2012
"NLA2012-WY-131",196,36,2.36,"XER",2012
"NLA2012-WY-133",59,14,1.032,"WMT",2012
"NLA2012-WY-135",480,64,3.272,"WMT",2012
"NLA2012-WY-137",318,33,0.829333333333333,"XER",2012
"NLA2012-WY-147",355,36,5.49333333333333,"XER",2012
"NLA2012-WY-151",199,30,2.96,"WMT",2012
"NLA2012-WY-R01",55,9,0.6656,"WMT",2012
"NLA2012-WY-R02",141,12,1.86060606060606,"XER",2012
"NLA2012-WY-R04",869,34,34.4,"WMT",2012
"NLA2012-WY-R08",145,7,2.432,"WMT",2012
